rank,instrument,score,pct_rank,close,ret_5d,ret_20d,ann_vol_20d,sector,sic_description
1,STX,0.32146144430621887,0.0009940357852882703,405.45,-0.09207964,0.3152858,0.96903443,Manufacturing,COMPUTER STORAGE DEVICES
2,LRCX,0.32146144430621887,0.002982107355864811,213.31,-0.14046824,0.05037427,0.66545147,Manufacturing,"SPECIAL INDUSTRY MACHINERY, NEC"
3,INTC,0.32146144430621887,0.004970178926441352,48.24,-0.008631289,0.13159752,1.0710167,Manufacturing,SEMICONDUCTORS & RELATED DEVICES
4,MU,0.32146144430621887,0.006958250497017893,382.89,-0.12138873,0.12763965,0.7235134,Manufacturing,SEMICONDUCTORS & RELATED DEVICES
5,WDC,0.3171186412666645,0.008946322067594433,260.19,-0.06544304,0.301731,0.8943294,Manufacturing,COMPUTER STORAGE DEVICES
6,MRNA,0.3158608274553982,0.010934393638170975,40.87,-0.12782758,0.13875735,1.0318977,Manufacturing,"BIOLOGICAL PRODUCTS, (NO DIAGNOSTIC SUBSTANCES)"
7,AMAT,0.3144780771711009,0.012922465208747515,303.99,-0.10942173,0.040349007,0.56200117,Manufacturing,SEMICONDUCTORS & RELATED DEVICES
8,TER,0.31034047419477473,0.014910536779324055,271.13,0.07646811,0.21867144,0.6241489,Manufacturing,INSTRUMENTS FOR MEAS & TESTING OF ELECTRICITY & ELEC SIGNALS
9,SNDK,0.310064770619952,0.016898608349900597,576.2,0.06842208,0.62970924,1.1555903,Manufacturing,COMPUTER STORAGE DEVICES
10,COHR,0.3078246803567186,0.018886679920477135,209.24,-0.03066802,0.09195292,0.72134745,Manufacturing,OPTICAL INSTRUMENTS & LENSES
11,CVNA,0.30198540909061233,0.020874751491053677,383.69,-0.10235357,-0.14883089,0.6918454,Retail,RETAIL-AUTO DEALERS & GASOLINE STATIONS
12,LITE,0.2894052366058977,0.02286282306163022,504.42,0.32240987,0.28390348,0.9898144,Manufacturing,"COMMUNICATIONS EQUIPMENT, NEC"
13,KLAC,0.2861079048478129,0.02485089463220676,1331.03,-0.20993519,-0.021078289,0.7743222,Manufacturing,OPTICAL INSTRUMENTS & LENSES
14,NEM,0.2824913039127855,0.0268389662027833,108.53,-0.14496177,0.0048143864,0.6117533,Mining,GOLD AND SILVER ORES
15,SATS,0.264036945005355,0.02882703777335984,107.02,-0.056760132,-0.04582745,0.7126033,Transportation_Utilities,"COMMUNICATIONS SERVICES, NEC"
16,DOW,0.250759702063566,0.030815109343936383,30.6,0.12665689,0.23387098,0.56485647,Manufacturing,"PLASTIC MATERIALS, SYNTH RESINS & NONVULCAN ELASTOMERS"
17,ODFL,0.24613082105896203,0.032803180914512925,202.14,0.17121506,0.21976829,0.5311688,Transportation_Utilities,TRUCKING (NO LOCAL)
18,NCLH,0.2404108068967552,0.03479125248508946,21.7,-0.053228617,-0.111384094,0.63488936,Transportation_Utilities,WATER TRANSPORTATION
19,ALB,0.23304136091010538,0.036779324055666,156.48,-0.13403434,-0.03150344,0.6485996,Manufacturing,"PLASTIC MATERIALS, SYNTH RESINS & NONVULCAN ELASTOMERS"
20,HII,0.2223112226880835,0.03876739562624255,369.38,-0.13661963,0.036274314,0.5430061,Manufacturing,SHIP & BOAT BUILDING & REPAIRING
21,FCX,0.22099284043896436,0.040755467196819085,59.22,-0.090741515,0.06702709,0.54164475,Mining,METAL MINING
22,LMT,0.21973379078057378,0.042743538767395624,609.18,-0.021413326,0.226035,0.340404,Manufacturing,GUIDED MISSILES & SPACE VEHICLES & PARTS
23,DDOG,0.21453098312605057,0.04473161033797217,106.73,-0.16734272,-0.24543113,0.6931288,Services,SERVICES-PREPACKAGED SOFTWARE
24,TXN,0.20938249858776106,0.04671968190854871,223.98,0.022879839,0.20607388,0.42313436,Manufacturing,SEMICONDUCTORS & RELATED DEVICES
25,CIEN,0.20838027502411346,0.048707753479125246,252.98,-0.0021693707,-0.024260402,0.7573101,Manufacturing,TELEPHONE & TELEGRAPH APPARATUS
26,PSKY,0.20052679086863617,0.05069582504970179,10.52,-0.065719366,-0.14955533,0.2148806,Transportation_Utilities,TELEVISION BROADCASTING STATIONS
27,DECK,0.19865364099066404,0.05268389662027833,111.17,0.11281276,0.07890141,0.7961258,Manufacturing,RUBBER & PLASTICS FOOTWEAR
28,SNPS,0.19792916200629515,0.05467196819085487,410.44,-0.14491665,-0.21023667,0.44239917,Services,SERVICES-PREPACKAGED SOFTWARE
29,TTD,0.1904676905519617,0.05666003976143141,26.24,-0.16031998,-0.3210867,0.49718192,Services,"SERVICES-COMPUTER PROGRAMMING, DATA PROCESSING, ETC."
30,DLTR,0.18700956868787444,0.05864811133200795,119.6,0.019520879,-0.090909064,0.35225502,Retail,RETAIL-VARIETY STORES
31,GLW,0.17680276621899715,0.06063618290258449,112.79,0.09504855,0.28185022,0.6849057,Manufacturing,DRAWING & INSULATING OF NONFERROUS WIRE
32,WDAY,0.17148455143911281,0.06262425447316103,158.76,-0.091034055,-0.24808186,0.5163918,Services,SERVICES-COMPUTER PROCESSING & DATA PREPARATION
33,ORCL,0.17147162047046524,0.06461232604373758,136.48,-0.19247383,-0.29226303,0.50270045,Services,SERVICES-PREPACKAGED SOFTWARE
34,CRL,0.17034978706179502,0.06660039761431412,183.7,-0.13218063,-0.15255803,0.45480925,Services,SERVICES-COMMERCIAL PHYSICAL & BIOLOGICAL RESEARCH
35,CNC,0.1546986427978457,0.06858846918489066,39.92,-0.08440369,-0.12781304,0.47265023,Finance_Insurance_RealEstate,HOSPITAL & MEDICAL SERVICE PLANS
36,EL,0.15140686349440471,0.0705765407554672,96.66,-0.16101027,-0.08178961,0.77489936,Manufacturing,"PERFUMES, COSMETICS & OTHER TOILET PREPARATIONS"
37,Q,0.15110386946411167,0.07256461232604373,92.77,-0.07146436,0.027239442,0.53567266,Manufacturing,SEMICONDUCTORS & RELATED DEVICES
38,AMD,0.15088972971032877,0.07455268389662027,192.5,-0.23665631,-0.083420634,0.82759804,Manufacturing,SEMICONDUCTORS & RELATED DEVICES
39,GDDY,0.149206405221787,0.07654075546719682,96.15,-0.031136632,-0.18156284,0.33009967,Services,SERVICES-COMPUTER INTEGRATED SYSTEMS DESIGN
40,PLTR,0.14845155409583688,0.07852882703777336,130.01,-0.14388257,-0.28440112,0.5946607,Services,SERVICES-PREPACKAGED SOFTWARE
41,ARES,0.1391225029154046,0.0805168986083499,121.87,-0.19658512,-0.28647542,0.59674037,Finance_Insurance_RealEstate,INVESTMENT ADVICE
42,GEV,0.1388776521697676,0.08250497017892644,737.53,0.028074026,0.11355543,0.45386773,Manufacturing,ELECTRONIC & OTHER ELECTRICAL EQUIPMENT (NO COMPUTER EQUIP)
43,HOOD,0.1387158355253626,0.08449304174950298,72.68,-0.28210193,-0.3786441,0.5745076,Finance_Insurance_RealEstate,"SECURITY BROKERS, DEALERS & FLOTATION COMPANIES"
44,CEG,0.13818713868641386,0.08648111332007952,247.06,-0.14051145,-0.27041316,0.5425433,Transportation_Utilities,ELECTRIC SERVICES
45,IT,0.1269704433784799,0.08846918489065607,152.03,-0.28523743,-0.38116175,0.8116729,Services,SERVICES-MANAGEMENT SERVICES
46,APP,0.12575688197746523,0.09045725646123261,375.23,-0.34082282,-0.4071446,0.9510467,Services,"SERVICES-COMPUTER PROGRAMMING, DATA PROCESSING, ETC."
47,SMCI,0.12572845128586904,0.09244532803180915,30.85,0.024236321,0.027990699,0.81374055,Manufacturing,ELECTRONIC COMPUTERS
48,PODD,0.1253548474118808,0.09443339960238568,243.15,-0.046844423,-0.18725145,0.24660297,Manufacturing,SURGICAL & MEDICAL INSTRUMENTS & APPARATUS
49,FIX,0.12381771288908824,0.09642147117296222,1147.97,-0.020051897,0.10902119,0.5064957,Construction,ELECTRICAL WORK
50,COIN,0.12019475800160088,0.09840954274353876,146.12,-0.26639223,-0.4058472,0.5943649,Finance_Insurance_RealEstate,FINANCE SERVICES
51,ADBE,0.1199092955172738,0.10039761431411531,269.39,-0.076324284,-0.20322388,0.40302256,Services,SERVICES-PREPACKAGED SOFTWARE
52,INTU,0.11870301133075276,0.10238568588469185,434.91,-0.13533342,-0.33208942,0.55482787,Services,SERVICES-PREPACKAGED SOFTWARE
53,CCL,0.1151396445585933,0.10437375745526839,31.45,0.009630799,-0.020554364,0.5116053,Transportation_Utilities,WATER TRANSPORTATION
54,LULU,0.11251886737982868,0.10636182902584493,170.09,-0.0141996145,-0.19662762,0.48547906,Manufacturing,APPAREL & OTHER FINISHD PRODS OF FABRICS & SIMILAR MATL
55,PYPL,0.11188132479067009,0.10834990059642147,39.9,-0.24872905,-0.31806523,0.73590285,Services,"SERVICES-BUSINESS SERVICES, NEC"
56,CRWD,0.10894604933311944,0.110337972166998,377.16,-0.15172505,-0.21246165,0.4469238,Services,SERVICES-PREPACKAGED SOFTWARE
57,KKR,0.10744073773542416,0.11232604373757456,99.17,-0.1375022,-0.24199343,0.47216657,Finance_Insurance_RealEstate,INVESTMENT ADVICE
58,FICO,0.10573851515599547,0.1143141153081511,1357.34,-0.09616119,-0.14120126,0.47073033,Services,"SERVICES-BUSINESS SERVICES, NEC"
59,AXON,0.10476778431857284,0.11630218687872763,399.65,-0.21572667,-0.35634792,0.5426389,Manufacturing,"ORDNANCE & ACCESSORIES, (NO VEHICLES/GUIDED MISSILES)"
60,HUM,0.10413693827328234,0.11829025844930417,193.55,-0.015864134,-0.29633534,0.8265963,Finance_Insurance_RealEstate,HOSPITAL & MEDICAL SERVICE PLANS
61,SLB,0.09918483233104587,0.12027833001988071,49.51,0.021878123,0.16851544,0.3673262,Mining,"OIL & GAS FIELD SERVICES, NEC"
62,NOW,0.0960305384698675,0.12226640159045726,102.63,-0.120791614,-0.31988072,0.5579778,Services,SERVICES-PREPACKAGED SOFTWARE
63,FDS,0.09419173438392886,0.1242544731610338,209.18,-0.17251474,-0.28595328,0.55731285,Services,"SERVICES-COMPUTER PROGRAMMING, DATA PROCESSING, ETC."
64,TYL,0.09419173438392886,0.12624254473161034,340.86,-0.103000045,-0.23954225,0.49896193,Services,SERVICES-PREPACKAGED SOFTWARE
65,ROP,0.0931978932204153,0.12823061630218688,351.0,-0.038356185,-0.19789761,0.4580625,Manufacturing,"INDUSTRIAL INSTRUMENTS FOR MEASUREMENT, DISPLAY, AND CONTROL"
66,MCHP,0.09299004150349068,0.13021868787276342,78.04,-0.016633034,0.05545032,0.39731136,Manufacturing,SEMICONDUCTORS & RELATED DEVICES
67,CRM,0.09173604169691757,0.13220675944333996,189.97,-0.11262143,-0.28614908,0.4416157,Services,SERVICES-PREPACKAGED SOFTWARE
68,UNH,0.08948555176673968,0.1341948310139165,268.55,-0.081220746,-0.21407676,0.76112723,Finance_Insurance_RealEstate,HOSPITAL & MEDICAL SERVICE PLANS
69,EPAM,0.0812893206112134,0.13618290258449303,177.47,-0.15053606,-0.18666357,0.58495647,Services,SERVICES-COMPUTER PROGRAMMING SERVICES
70,EXPE,0.07596816890451995,0.13817097415506957,231.3,-0.1520328,-0.2216838,0.66022253,Transportation_Utilities,TRANSPORTATION SERVICES
71,HPQ,0.07401231369208708,0.14015904572564614,19.15,-0.0123775005,-0.091986775,0.32164454,Manufacturing,COMPUTER & OFFICE EQUIPMENT
72,BG,0.0673362908686802,0.14214711729622267,113.94,-0.010508001,0.23058653,0.2926617,Manufacturing,FATS & OILS
73,FIS,0.06600592627216269,0.1441351888667992,50.82,-0.07934785,-0.23842353,0.40378377,Services,"SERVICES-BUSINESS SERVICES, NEC"
74,CSGP,0.06274562346522052,0.14612326043737575,50.99,-0.17665106,-0.1730457,0.6747789,Services,"SERVICES-BUSINESS SERVICES, NEC"
75,DVA,0.0606067305383879,0.1481113320079523,149.22,0.3914584,0.34420323,0.8315082,Services,"SERVICES-MISC HEALTH & ALLIED SERVICES, NEC"
76,QCOM,0.056575183694848166,0.15009940357852883,136.3,-0.10458547,-0.24357623,0.37912184,Manufacturing,RADIO & TV BROADCASTING & COMMUNICATIONS EQUIPMENT
77,BALL,0.05056499507654596,0.15208747514910537,66.19,0.1700548,0.236503,0.3736051,Manufacturing,METAL CANS
78,DASH,0.04696424227395974,0.1540755467196819,183.86,-0.11469567,-0.20241195,0.3111826,Services,"SERVICES-BUSINESS SERVICES, NEC"
79,NFLX,0.04541354806935102,0.15606361829025844,80.87,-0.027537286,-0.10867411,0.22546513,Services,SERVICES-VIDEO TAPE RENTAL
80,DG,0.03857697552436677,0.15805168986083498,144.9,0.022005916,0.009685755,0.30910975,Retail,RETAIL-VARIETY STORES
81,ADSK,0.02550650847802676,0.16003976143141152,238.06,-0.068914235,-0.18969333,0.44506234,Services,SERVICES-PREPACKAGED SOFTWARE
82,LUV,0.025297329909536457,0.16202783300198806,52.51,0.082680345,0.23147273,0.7324926,Transportation_Utilities,"AIR TRANSPORTATION, SCHEDULED"
83,BLDR,0.019911921204128477,0.16401590457256462,120.06,0.041916132,0.14288425,0.6055774,Retail,RETAIL-LUMBER & OTHER BUILDING MATERIALS DEALERS
84,BA,0.017536769741026657,0.16600397614314116,236.95,0.012433767,0.038707733,0.23699458,Manufacturing,AIRCRAFT
85,TPR,0.010843205988423062,0.1679920477137177,143.19,0.12455821,0.0933038,0.44426844,Manufacturing,LEATHER & LEATHER PRODUCTS
86,AVGO,0.010743776824552654,0.16998011928429424,310.51,-0.061137497,-0.096040726,0.3999068,Manufacturing,SEMICONDUCTORS & RELATED DEVICES
87,EFX,0.010338411707413647,0.17196819085487078,191.01,-0.06367648,-0.10533959,0.6016781,Services,"SERVICES-CONSUMER CREDIT REPORTING, COLLECTION AGENCIES"
88,RCL,0.008950333722865418,0.17395626242544732,326.09,-0.05748892,0.07826853,0.7952521,Transportation_Utilities,WATER TRANSPORTATION
89,LYB,-0.0007124531575286967,0.17594433399602386,53.88,0.07867873,0.19973278,0.59373516,Manufacturing,INDUSTRIAL ORGANIC CHEMICALS
90,SWK,-0.0059081398143336124,0.1779324055666004,85.57,0.081795216,0.08743167,0.33060873,Manufacturing,"CUTLERY, HANDTOOLS & GENERAL HARDWARE"
91,CMI,-0.0073872243026423725,0.17992047713717693,540.65,-0.07413429,0.0030053854,0.4585569,Manufacturing,ENGINES & TURBINES
92,CHTR,-0.008120516064735503,0.18190854870775347,223.53,0.16713655,0.08320415,0.5460534,Transportation_Utilities,CABLE & OTHER PAY TELEVISION SERVICES
93,HSY,-0.008934390264298134,0.18389662027833,224.38,0.17760062,0.24607098,0.38271764,Manufacturing,SUGAR & CONFECTIONERY PRODUCTS
94,ADI,-0.012986885938523882,0.18588469184890655,322.12,0.010730982,0.09979844,0.2983565,Manufacturing,SEMICONDUCTORS & RELATED DEVICES
95,VZ,-0.014980569961863505,0.1878727634194831,47.1,0.18311977,0.17368543,0.46379688,Transportation_Utilities,TELEPHONE COMMUNICATIONS (NO RADIOTELEPHONE)
96,DVN,-0.015697960665694177,0.18986083499005965,43.17,0.08087134,0.25239325,0.3579184,Mining,CRUDE PETROLEUM & NATURAL GAS
97,TRMB,-0.017972082361845415,0.1918489065606362,63.98,-0.06420952,-0.20204538,0.35270903,Manufacturing,"MEASURING & CONTROLLING DEVICES, NEC"
98,MPWR,-0.018266600172652848,0.19383697813121273,1155.99,-0.022955716,0.2053113,0.39159235,Manufacturing,SEMICONDUCTORS & RELATED DEVICES
99,CMG,-0.01977211094725291,0.19582504970178927,38.45,-0.016623974,-0.01080519,0.32704118,Retail,RETAIL-EATING PLACES
100,MCK,-0.021906751088792194,0.1978131212723658,957.8,0.16478169,0.16244912,0.62513995,Wholesale,"WHOLESALE-DRUGS, PROPRIETARIES & DRUGGISTS' SUNDRIES"
101,ON,-0.023840690539520412,0.19980119284294234,63.1,0.014469385,0.0195508,0.47262663,Manufacturing,SEMICONDUCTORS & RELATED DEVICES
102,DELL,-0.02476423061378591,0.20178926441351888,115.39,-0.026162505,-0.038977265,0.4824984,Manufacturing,ELECTRONIC COMPUTERS
103,NOC,-0.025529576685375907,0.20377733598409542,696.5,0.0016539097,0.20708477,0.30532455,Manufacturing,"SEARCH, DETECTION, NAVIGATION, GUIDANCE, AERONAUTICAL SYS"
104,HAL,-0.033254786387997275,0.20576540755467196,33.84,0.013477087,0.11389077,0.3473054,Mining,"OIL & GAS FIELD SERVICES, NEC"
105,LHX,-0.03706439170114702,0.2077534791252485,342.22,-0.038761854,0.10479081,0.34718958,Manufacturing,"SEARCH, DETECTION, NAVIGATION, GUIDANCE, AERONAUTICAL SYS"
106,FDX,-0.03723364534004904,0.20974155069582506,363.96,0.1376239,0.18426454,0.30189344,Transportation_Utilities,AIR COURIER SERVICES
107,CPAY,-0.04683607248169858,0.2117296222664016,335.0,0.03927529,0.044850588,0.58469397,Services,"SERVICES-BUSINESS SERVICES, NEC"
108,GILD,-0.04850148669993325,0.21371769383697814,149.37,0.070369005,0.2012062,0.29293218,Manufacturing,"BIOLOGICAL PRODUCTS, (NO DIAGNOSTIC SUBSTANCES)"
109,PANW,-0.050535871346459774,0.21570576540755468,154.77,-0.1216231,-0.201805,0.35260823,Manufacturing,"COMPUTER PERIPHERAL EQUIPMENT, NEC"
110,ALGN,-0.05749510027163158,0.21769383697813122,175.62,0.070070624,0.052814603,0.42364046,Manufacturing,"ORTHOPEDIC, PROSTHETIC & SURGICAL APPLIANCES & SUPPLIES"
111,FTV,-0.0612435218384917,0.21968190854870775,60.2,0.13413715,0.11193204,0.46556243,Manufacturing,"INDUSTRIAL INSTRUMENTS FOR MEASUREMENT, DISPLAY, AND CONTROL"
112,CARR,-0.0631416821188824,0.2216699801192843,63.1,0.055360436,0.20030439,0.30484104,Manufacturing,AIR-COND & WARM AIR HEATG EQUIP & COMM & INDL REFRIG EQUIP
113,SW,-0.06359534435751442,0.22365805168986083,43.17,0.024928808,0.089051485,0.5011429,Manufacturing,PAPERBOARD CONTAINERS & BOXES
114,BSX,-0.06387261992510025,0.22564612326043737,77.64,-0.15910321,-0.2129752,0.6818191,Manufacturing,SURGICAL & MEDICAL INSTRUMENTS & APPARATUS
115,CDW,-0.06501215707879134,0.2276341948310139,140.77,0.12436104,0.0866915,0.4437159,Retail,RETAIL-CATALOG & MAIL-ORDER HOUSES
116,IQV,-0.06719470662354267,0.22962226640159045,180.96,-0.23198366,-0.25924104,0.57680374,Services,SERVICES-COMMERCIAL PHYSICAL & BIOLOGICAL RESEARCH
117,VST,-0.06812089779616932,0.23161033797216699,143.07,-0.12000245,-0.07457954,0.68505925,Transportation_Utilities,ELECTRIC SERVICES
118,STLD,-0.07141660167878329,0.23359840954274355,193.02,0.06072426,0.15009236,0.4002944,Manufacturing,"STEEL WORKS, BLAST FURNACES & ROLLING MILLS (COKE OVENS)"
119,IVZ,-0.07187821879846332,0.2355864811133201,25.77,-0.070346296,-0.0693391,0.4314406,Finance_Insurance_RealEstate,INVESTMENT ADVICE
120,NXPI,-0.07280146119461833,0.23757455268389663,222.13,-0.048693776,-0.07190603,0.35576352,Manufacturing,SEMICONDUCTORS & RELATED DEVICES
121,XYZ,-0.07572075994975234,0.23956262425447317,53.38,-0.14193857,-0.2531132,0.44109556,Services,SERVICES-PREPACKAGED SOFTWARE
122,TTWO,-0.07572075994975234,0.2415506958250497,193.24,-0.19237679,-0.2471267,0.37524766,Services,SERVICES-PREPACKAGED SOFTWARE
123,TGT,-0.08874412419247861,0.24353876739562624,110.85,0.07788801,0.06925821,0.34312657,Retail,RETAIL-VARIETY STORES
124,IP,-0.08993274992118382,0.24552683896620278,44.37,0.13769233,0.121587396,0.50992,Manufacturing,PAPER MILLS
125,RVTY,-0.09076703546402044,0.24751491053677932,99.52,-0.082680464,-0.0336926,0.46312612,Manufacturing,LABORATORY ANALYTICAL INSTRUMENTS
126,MSFT,-0.0918962911926922,0.24950298210735586,393.67,-0.09188002,-0.18574053,0.45334744,Services,SERVICES-PREPACKAGED SOFTWARE
127,ULTA,-0.09335279794771693,0.2514910536779324,677.91,0.07417202,0.03440857,0.24474525,Retail,"RETAIL-RETAIL STORES, NEC"
128,CAH,-0.09414856797070752,0.25347912524850896,227.18,0.075510144,0.09648144,0.45693475,Wholesale,"WHOLESALE-DRUGS, PROPRIETARIES & DRUGGISTS' SUNDRIES"
129,URI,-0.0987714125486372,0.2554671968190855,847.77,0.07716262,-0.037587404,0.6145522,Services,"SERVICES-EQUIPMENT RENTAL & LEASING, NEC"
130,PWR,-0.10327312561353623,0.25745526838966204,477.72,-0.011811435,0.09345603,0.40252975,Construction,ELECTRICAL WORK
131,UAL,-0.10496223594807749,0.25944333996023855,106.09,0.020684958,-0.09013724,0.42247313,Transportation_Utilities,"AIR TRANSPORTATION, SCHEDULED"
132,JCI,-0.10569372008988111,0.2614314115308151,132.52,0.10176265,0.17889869,0.23868155,Manufacturing,AIR-COND & WARM AIR HEATG EQUIP & COMM & INDL REFRIG EQUIP
133,GNRC,-0.10618477760980821,0.2634194831013916,172.37,0.013881564,0.2150712,0.38433918,Manufacturing,MOTORS & GENERATORS
134,CF,-0.10914213195241065,0.2654075546719682,91.32,-0.028820574,0.17847466,0.3998007,Manufacturing,AGRICULTURAL CHEMICALS
135,CTRA,-0.1095581794235919,0.2673956262425447,30.31,0.080185294,0.19849741,0.31391016,Mining,CRUDE PETROLEUM & NATURAL GAS
136,BAX,-0.1099239087832267,0.26938369781312127,21.77,0.10339594,0.06715691,0.38161877,Manufacturing,SURGICAL & MEDICAL INSTRUMENTS & APPARATUS
137,PEP,-0.11062688967945489,0.27137176938369784,167.53,0.1267066,0.22275746,0.22799768,Manufacturing,BEVERAGES
138,SWKS,-0.11206257387675263,0.27335984095427435,60.92,0.09195197,0.01838851,0.43752918,Manufacturing,SEMICONDUCTORS & RELATED DEVICES
139,TDY,-0.11374457026463376,0.2753479125248509,628.47,0.0050373077,0.18249035,0.43211624,Manufacturing,"SEARCH, DETECTION, NAVIGATION, GUIDANCE, AERONAUTICAL SYS"
140,BX,-0.11431665976908321,0.2773359840954274,126.83,-0.112704635,-0.17423004,0.3894512,Finance_Insurance_RealEstate,INVESTMENT ADVICE
141,APH,-0.1143958832977499,0.279324055666004,127.63,-0.14674425,-0.0812037,0.761084,Manufacturing,ELECTRONIC CONNECTORS
142,BKR,-0.11594142343202571,0.2813121272365805,57.36,0.011105299,0.17444718,0.37338442,Manufacturing,OIL & GAS FIELD MACHINERY & EQUIPMENT
143,JBHT,-0.11656211333810378,0.28330019880715707,225.25,0.09765601,0.10514176,0.2983587,Transportation_Utilities,TRUCKING (NO LOCAL)
144,VRT,-0.11726025695362695,0.2852882703777336,177.75,-0.08892876,0.036201477,0.4594971,Manufacturing,"ELECTRONIC COMPONENTS, NEC"
145,WBD,-0.12261971894819403,0.28727634194831014,26.76,-0.030434787,-0.064008415,0.16065985,Transportation_Utilities,CABLE & OTHER PAY TELEVISION SERVICES
146,ISRG,-0.12314164325295159,0.28926441351888665,476.32,-0.06153083,-0.19577223,0.18249284,Manufacturing,"ORTHOPEDIC, PROSTHETIC & SURGICAL APPLIANCES & SUPPLIES"
147,VTRS,-0.12328003061782314,0.2912524850894632,14.34,0.09716916,0.15088284,0.35181484,Manufacturing,PHARMACEUTICAL PREPARATIONS
148,ANET,-0.12486372952935698,0.2932405566600398,128.67,-0.13148832,-0.010839522,0.6117167,Manufacturing,COMPUTER COMMUNICATIONS EQUIPMENT
149,VRSK,-0.12677779949216827,0.2952286282306163,184.68,-0.14732909,-0.1590547,0.39343008,Services,SERVICES-COMPUTER PROCESSING & DATA PREPARATION
150,BKNG,-0.12677779949216827,0.29721669980119286,177.7368,-0.13101077,-0.18405277,0.4022056,Transportation_Utilities,TRANSPORTATION SERVICES
151,SPGI,-0.13571218975646643,0.2992047713717694,451.71,-0.14550823,-0.15960932,0.46569663,Services,"SERVICES-CONSUMER CREDIT REPORTING, COLLECTION AGENCIES"
152,UHS,-0.1370438892304277,0.30119284294234594,216.47,0.08164692,0.038773417,0.2880698,Services,"SERVICES-GENERAL MEDICAL & SURGICAL HOSPITALS, NEC"
153,MGM,-0.13789309219807275,0.30318091451292245,36.28,0.08818233,0.063305974,0.41328833,Services,HOTELS & MOTELS
154,ACN,-0.14231665071634858,0.305168986083499,233.58,-0.10581118,-0.14745605,0.4881408,Services,"SERVICES-BUSINESS SERVICES, NEC"
155,GOOGL,-0.14312026936478084,0.3071570576540755,331.25,-0.020694733,0.028790593,0.19530784,Services,"SERVICES-COMPUTER PROGRAMMING, DATA PROCESSING, ETC."
156,GOOG,-0.14312026936478084,0.3091451292246521,331.33,-0.021644175,0.027602911,0.20126069,Services,"SERVICES-COMPUTER PROGRAMMING, DATA PROCESSING, ETC."
157,META,-0.14497325155306587,0.3111332007952286,670.21,-0.09223765,0.033174634,0.51346433,Services,"SERVICES-COMPUTER PROGRAMMING, DATA PROCESSING, ETC."
158,NDAQ,-0.14782944779293558,0.31312127236580517,85.51,-0.12824953,-0.14830679,0.38989034,Finance_Insurance_RealEstate,"SECURITY & COMMODITY BROKERS, DEALERS, EXCHANGES & SERVICES"
159,APO,-0.14809198407346827,0.31510934393638174,126.08,-0.062532544,-0.12614357,0.36910957,Finance_Insurance_RealEstate,INVESTMENT ADVICE
160,AFL,-0.1535826734282266,0.31709741550695825,117.47,0.06298077,0.066067696,0.186788,Finance_Insurance_RealEstate,ACCIDENT & HEALTH INSURANCE
161,ELV,-0.15659135967139784,0.3190854870775348,332.25,-0.042452037,-0.093921304,0.6047518,Finance_Insurance_RealEstate,HOSPITAL & MEDICAL SERVICE PLANS
162,COR,-0.15660660866533987,0.3210735586481113,352.16,0.00017035007,0.03451717,0.4382618,Wholesale,"WHOLESALE-DRUGS, PROPRIETARIES & DRUGGISTS' SUNDRIES"
163,CDNS,-0.1571847568741411,0.3230616302186879,270.14,-0.10747677,-0.15723467,0.4097731,Services,SERVICES-PREPACKAGED SOFTWARE
164,MRK,-0.1584037463439536,0.3250497017892644,119.75,0.10531664,0.10267031,0.24401623,Manufacturing,PHARMACEUTICAL PREPARATIONS
165,T,-0.15856772786346934,0.32703777335984097,27.31,0.08674896,0.13934088,0.30697173,Transportation_Utilities,TELEPHONE COMMUNICATIONS (NO RADIOTELEPHONE)
166,TMO,-0.16013695580599652,0.3290258449304175,542.36,-0.084098876,-0.12118614,0.28673506,Manufacturing,"MEASURING & CONTROLLING DEVICES, NEC"
167,MCO,-0.1607750712392361,0.33101391650099404,457.7,-0.11203802,-0.13875508,0.36210576,Services,"SERVICES-CONSUMER CREDIT REPORTING, COLLECTION AGENCIES"
168,UBER,-0.16155659007660672,0.33300198807157055,75.21,-0.07943696,-0.127393,0.2994595,Services,"SERVICES-BUSINESS SERVICES, NEC"
169,OMC,-0.16230758214222776,0.3349900596421471,69.12,-0.087765515,-0.109048724,0.46962786,Services,SERVICES-ADVERTISING AGENCIES
170,IR,-0.16552055147094089,0.33697813121272363,96.0,0.08022952,0.18037617,0.434103,Manufacturing,GENERAL INDUSTRIAL MACHINERY & EQUIPMENT
171,GEN,-0.16649143869255692,0.3389662027833002,22.43,-0.06150627,-0.14094216,0.31737334,Services,SERVICES-PREPACKAGED SOFTWARE
172,FISV,-0.16665955537073468,0.34095427435387676,58.44,-0.07866943,-0.14946878,0.3746824,Services,"SERVICES-BUSINESS SERVICES, NEC"
173,BMY,-0.1672076253425777,0.3429423459244533,59.52,0.09653652,0.049365282,0.24857154,Manufacturing,PHARMACEUTICAL PREPARATIONS
174,CHRW,-0.1674045135478823,0.34493041749502984,197.44,0.019202948,0.18419003,0.24270527,Transportation_Utilities,ARRANGEMENT OF TRANSPORTATION OF FREIGHT & CARGO
175,TT,-0.16830506196359554,0.34691848906560635,436.15,0.023658037,0.15864837,0.3364241,Manufacturing,AUTO CONTROLS FOR REGULATING RESIDENTIAL & COMML ENVIRONMENTS
176,MET,-0.16915705571026796,0.3489065606361829,75.32,-0.037198067,-0.037689984,0.28810367,Finance_Insurance_RealEstate,LIFE INSURANCE
177,COF,-0.1711060113302116,0.3508946322067594,216.93,-0.010852218,-0.14341563,0.44435307,Finance_Insurance_RealEstate,NATIONAL COMMERCIAL BANKS
178,PTC,-0.1745003957937016,0.352882703777336,153.94,0.00299716,-0.1181761,0.33717442,Services,SERVICES-PREPACKAGED SOFTWARE
179,RL,-0.177438956367638,0.3548707753479125,338.66,-0.046269953,-0.061727703,0.26085547,Manufacturing,"MEN'S & BOYS' FURNISHGS, WORK CLOTHG, & ALLIED GARMENTS"
180,XOM,-0.17748767169098842,0.35685884691848907,146.08,0.03964138,0.23284674,0.25669882,Manufacturing,PETROLEUM REFINING
181,MOS,-0.1777361806724982,0.3588469184890656,27.76,-0.009985745,0.097233295,0.4259842,Manufacturing,AGRICULTURAL CHEMICALS
182,TROW,-0.17920282745116697,0.36083499005964215,92.02,-0.12211412,-0.13188684,0.37520552,Finance_Insurance_RealEstate,INVESTMENT ADVICE
183,PAYX,-0.1815570673932035,0.3628230616302187,98.17,-0.039714396,-0.12057692,0.27422374,Services,"SERVICES-ENGINEERING, ACCOUNTING, RESEARCH, MANAGEMENT"
184,AVB,-0.18183832514683015,0.3648111332007952,169.7,-0.029176235,-0.054596126,0.28450096,Finance_Insurance_RealEstate,REAL ESTATE INVESTMENT TRUSTS
185,CAG,-0.18253916685306543,0.3667992047713718,19.55,0.09646654,0.215796,0.3267445,Manufacturing,FOOD AND KINDRED PRODUCTS
186,MPC,-0.18266342740925845,0.3687872763419483,195.83,0.11431658,0.13518059,0.32817134,Manufacturing,PETROLEUM REFINING
187,BRO,-0.1837442044982113,0.37077534791252487,72.67,0.007905722,-0.07790887,0.32403716,Finance_Insurance_RealEstate,"INSURANCE AGENTS, BROKERS & SERVICE"
188,LVS,-0.1859371684183711,0.3727634194831014,56.94,0.08025038,-0.07309133,0.6087496,Services,HOTELS & MOTELS
189,PPG,-0.18660356193867272,0.37475149105367794,124.42,0.06789112,0.1974976,0.29913503,Manufacturing,"PAINTS, VARNISHES, LACQUERS, ENAMELS & ALLIED PRODS"
190,ALL,-0.19715549886185565,0.37673956262425445,215.19,0.08468175,0.038210988,0.29825565,Finance_Insurance_RealEstate,"FIRE, MARINE & CASUALTY INSURANCE"
191,JBL,-0.19890660051828588,0.378727634194831,241.83,-0.0085683465,0.077433705,0.37040648,Manufacturing,PRINTED CIRCUIT BOARDS
192,LLY,-0.20023830912869325,0.38071570576540753,1020.84,-0.003222227,-0.07873905,0.5602038,Manufacturing,PHARMACEUTICAL PREPARATIONS
193,FSLR,-0.2004822947585787,0.3827037773359841,234.36,0.046203375,-0.027995527,0.5289896,Manufacturing,SEMICONDUCTORS & RELATED DEVICES
194,EME,-0.20113500895254405,0.38469184890656066,717.68,-0.017415166,0.10247791,0.3567629,Construction,ELECTRICAL WORK
195,LII,-0.20413849705589074,0.3866799204771372,517.15,0.042410016,0.02412033,0.35843098,Manufacturing,AIR-COND & WARM AIR HEATG EQUIP & COMM & INDL REFRIG EQUIP
196,ROK,-0.20413849705589074,0.38866799204771374,406.7,-0.04693836,-0.006449342,0.32972217,Manufacturing,"MEASURING & CONTROLLING DEVICES, NEC"
197,SNA,-0.20500871228689005,0.39065606361829025,370.8,0.011373758,0.051676273,0.2052459,Manufacturing,"CUTLERY, HANDTOOLS & GENERAL HARDWARE"
198,CVS,-0.20719302073608567,0.3926441351888668,76.33,0.025389552,-0.04336381,0.58228093,Retail,RETAIL-DRUG STORES AND PROPRIETARY STORES
199,NWS,-0.207742610316338,0.3946322067594433,27.39,-0.10519439,-0.0915423,0.29775423,Manufacturing,NEWSPAPERS: PUBLISHING OR PUBLISHING & PRINTING
200,NWSA,-0.207742610316338,0.3966202783300199,24.21,-0.09562951,-0.08330178,0.28549945,Manufacturing,NEWSPAPERS: PUBLISHING OR PUBLISHING & PRINTING
201,STE,-0.20848130009544513,0.3986083499005964,243.81,-0.06814712,-0.059375048,0.35068023,Manufacturing,"ORTHOPEDIC, PROSTHETIC & SURGICAL APPLIANCES & SUPPLIES"
202,MSCI,-0.20848130009544513,0.40059642147117297,565.9,-0.069610596,-0.022101581,0.3860987,Services,"SERVICES-BUSINESS SERVICES, NEC"
203,WST,-0.21037868231446613,0.4025844930417495,231.62,-0.004427254,-0.16815114,0.40602776,Manufacturing,SURGICAL & MEDICAL INSTRUMENTS & APPARATUS
204,CL,-0.21296903483986251,0.40457256461232605,94.88,0.11309242,0.23076928,0.2810835,Manufacturing,"PERFUMES, COSMETICS & OTHER TOILET PREPARATIONS"
205,PRU,-0.21300961947740768,0.40656063618290256,99.82,-0.09147179,-0.14574242,0.31836691,Finance_Insurance_RealEstate,LIFE INSURANCE
206,MKC,-0.2142070342455494,0.4085487077534791,66.98,0.09230268,0.024628997,0.4556312,Manufacturing,MISCELLANEOUS FOOD PREPARATIONS & KINDRED PRODUCTS
207,APA,-0.21501001517677834,0.4105367793240557,26.48,0.00837779,0.13210773,0.48504108,Mining,CRUDE PETROLEUM & NATURAL GAS
208,ICE,-0.21545742778005675,0.4125248508946322,168.29,-0.03889215,0.039340377,0.3096966,Finance_Insurance_RealEstate,"SECURITY & COMMODITY BROKERS, DEALERS, EXCHANGES & SERVICES"
209,WMB,-0.21705486869923105,0.41451292246520877,67.42,0.0026769638,0.11641002,0.26194775,Transportation_Utilities,NATURAL GAS TRANSMISSION
210,MMM,-0.21737593314849285,0.4165009940357853,165.08,0.055633664,0.013320208,0.38432938,Manufacturing,SURGICAL & MEDICAL INSTRUMENTS & APPARATUS
211,COP,-0.21808306355626236,0.41848906560636184,104.98,0.02120626,0.11752188,0.35376272,Manufacturing,PETROLEUM REFINING
212,JKHY,-0.21821252613401354,0.42047713717693835,176.96,-0.005507469,-0.048448622,0.3668145,Services,SERVICES-COMPUTER INTEGRATED SYSTEMS DESIGN
213,IBKR,-0.21862764463667567,0.4224652087475149,69.49,-0.08154911,-0.025932133,0.3740436,Finance_Insurance_RealEstate,"SECURITY BROKERS, DEALERS & FLOTATION COMPANIES"
214,SYF,-0.2192297359336267,0.42445328031809143,73.99,0.00845027,-0.153723,0.4498392,Finance_Insurance_RealEstate,FINANCE SERVICES
215,CCI,-0.21980023081961114,0.426441351888668,78.37,-0.09836626,-0.07897514,0.4297657,Finance_Insurance_RealEstate,REAL ESTATE INVESTMENT TRUSTS
216,TXT,-0.21994111372987804,0.4284294234592445,92.85,0.05727625,0.048205018,0.38386568,Manufacturing,AIRCRAFT & PARTS
217,LEN,-0.22016655958352646,0.4304174950298211,115.37,0.03722012,0.11007416,0.4792124,Construction,GENERAL BLDG CONTRACTORS - RESIDENTIAL BLDGS
218,J,-0.2204255357508207,0.43240556660039764,143.73,0.05458951,0.05065787,0.351928,Construction,HEAVY CONSTRUCTION OTHER THAN BLDG CONST - CONTRACTORS
219,TPL,-0.22396312521366296,0.43439363817097415,345.35,-0.022253036,0.22730017,0.43564197,Finance_Insurance_RealEstate,OIL ROYALTY TRADERS
220,PCAR,-0.2258720039856215,0.4363817097415507,127.42,0.033246875,0.10511708,0.2280549,Manufacturing,MOTOR VEHICLES & PASSENGER CAR BODIES
221,BBY,-0.2267899987997092,0.4383697813121272,68.18,0.046508074,-0.009443581,0.34197712,Retail,"RETAIL-RADIO, TV & CONSUMER ELECTRONICS STORES"
222,GWW,-0.22725091284555834,0.4403578528827038,1183.15,0.09327221,0.17763865,0.29022297,Wholesale,WHOLESALE-DURABLE GOODS
223,EG,-0.22726190789677087,0.4423459244532803,325.89,-0.011316001,-0.016715407,0.21274142,Finance_Insurance_RealEstate,"FIRE, MARINE & CASUALTY INSURANCE"
224,HCA,-0.22919780776820542,0.44433399602385687,513.76,0.064721346,0.09159672,0.3649671,Services,"SERVICES-GENERAL MEDICAL & SURGICAL HOSPITALS, NEC"
225,HPE,-0.2292339283815718,0.4463220675944334,22.71,0.031803727,0.012483239,0.3959288,Manufacturing,COMPUTER & OFFICE EQUIPMENT
226,TSLA,-0.2294258114593625,0.44831013916500995,397.21,-0.046451926,-0.07927495,0.378526,Manufacturing,MOTOR VEHICLES & PASSENGER CAR BODIES
227,AMCR,-0.23029323084592862,0.45029821073558646,46.78,0.06584644,0.11380947,0.48320445,Manufacturing,MISCELLANEOUS MANUFACTURING INDUSTRIES
228,A,-0.23257174611610404,0.452286282306163,129.64,-0.027237952,-0.12292808,0.26506397,Manufacturing,LABORATORY ANALYTICAL INSTRUMENTS
229,WTW,-0.23381043546274008,0.4542743538767396,327.32,0.03500402,-0.012251794,0.29497185,Finance_Insurance_RealEstate,"INSURANCE AGENTS, BROKERS & SERVICE"
230,AMGN,-0.23784687724203968,0.4562624254473161,367.8,0.07249081,0.0765717,0.38090834,Manufacturing,"BIOLOGICAL PRODUCTS, (NO DIAGNOSTIC SUBSTANCES)"
231,HBAN,-0.2413710478693696,0.45825049701789267,19.02,0.10005784,0.048511624,0.37820634,Finance_Insurance_RealEstate,NATIONAL COMMERCIAL BANKS
232,LYV,-0.2415747340604931,0.4602385685884692,138.28,-0.06428474,-0.039455473,0.32962868,Services,SERVICES-AMUSEMENT & RECREATION SERVICES
233,CI,-0.24386170006127947,0.46222664015904574,284.53,0.048881173,0.019382358,0.30453148,Finance_Insurance_RealEstate,HOSPITAL & MEDICAL SERVICE PLANS
234,DE,-0.2470021463374862,0.46421471172962225,565.73,0.06727409,0.1905092,0.3235361,Manufacturing,FARM MACHINERY & EQUIPMENT
235,CHD,-0.24905387112610436,0.4662027833001988,100.6,0.09395385,0.19933236,0.21257828,Manufacturing,"SOAP, DETERGENTS, CLEANG PREPARATIONS, PERFUMES, COSMETICS"
236,BR,-0.24987918733401812,0.46819085487077533,193.54,-0.012349546,-0.11814833,0.34575856,Services,"SERVICES-BUSINESS SERVICES, NEC"
237,DD,-0.2502451848176203,0.4701789264413519,45.68,0.02421534,0.056673646,0.32364243,Manufacturing,"PLASTIC MATERIALS, SYNTH RESINS & NONVULCAN ELASTOMERS"
238,ADM,-0.2519891570983398,0.4721669980119284,65.43,-0.022265375,0.118079305,0.2869079,Manufacturing,FATS & OILS
239,TECH,-0.2522975395483788,0.474155069582505,65.86,0.029384255,0.012451887,0.40979967,Manufacturing,"BIOLOGICAL PRODUCTS, (NO DIAGNOSTIC SUBSTANCES)"
240,FTNT,-0.25259104326406584,0.4761431411530815,78.93,-0.03165257,-0.013621569,0.31735474,Manufacturing,"COMPUTER PERIPHERAL EQUIPMENT, NEC"
241,INCY,-0.2544946361670279,0.47813121272365805,102.76,0.016620517,-0.07063395,0.3169375,Services,SERVICES-COMMERCIAL PHYSICAL & BIOLOGICAL RESEARCH
242,AKAM,-0.25483674060607553,0.4801192842942346,91.49,-0.07911426,0.03753686,0.4841483,Services,"SERVICES-BUSINESS SERVICES, NEC"
243,ABT,-0.2575224448887952,0.4821073558648111,109.08,0.028183699,-0.1413728,0.3912234,Manufacturing,PHARMACEUTICAL PREPARATIONS
244,GPN,-0.25806482539022935,0.4840954274353877,71.26,-0.0012613535,-0.0805161,0.42376631,Services,"SERVICES-BUSINESS SERVICES, NEC"
245,KEYS,-0.2587797632278603,0.4860834990059642,221.52,0.0015825033,0.04333079,0.2611632,Manufacturing,"INDUSTRIAL INSTRUMENTS FOR MEASUREMENT, DISPLAY, AND CONTROL"
246,STZ,-0.2590848329760222,0.48807157057654077,165.57,0.06991923,0.17851806,0.36089274,Manufacturing,BEVERAGES
247,GIS,-0.2605349933867394,0.4900596421471173,48.37,0.08867884,0.12619317,0.3049451,Manufacturing,GRAIN MILL PRODUCTS
248,AJG,-0.2619280415715229,0.49204771371769385,242.75,-0.0125691295,-0.06274134,0.2890339,Finance_Insurance_RealEstate,"INSURANCE AGENTS, BROKERS & SERVICE"
249,CTSH,-0.2620810752446237,0.49403578528827036,76.84,-0.068041265,-0.08643448,0.44749132,Services,SERVICES-COMPUTER PROGRAMMING SERVICES
250,ARE,-0.2643790417699596,0.4960238568588469,55.14,0.020166516,0.056726694,0.36286744,Finance_Insurance_RealEstate,REAL ESTATE INVESTMENT TRUSTS
251,PSX,-0.2659544282186808,0.49801192842942343,154.43,0.07183504,0.12003183,0.3285049,Manufacturing,PETROLEUM REFINING
252,NRG,-0.26628719338381535,0.5,144.44,-0.06036949,-0.03001815,0.4414938,Transportation_Utilities,ELECTRIC SERVICES
253,TDG,-0.26678041954881937,0.5019880715705766,1263.26,-0.11163151,-0.08806354,0.38798234,Manufacturing,"AIRCRAFT PARTS & AUXILIARY EQUIPMENT, NEC"
254,HSIC,-0.26847440709805287,0.5039761431411531,77.0,0.035781622,-0.0145891905,0.2964629,Wholesale,"WHOLESALE-MEDICAL, DENTAL & HOSPITAL EQUIPMENT & SUPPLIES"
255,OTIS,-0.2699414266028846,0.5059642147117296,91.24,0.04681039,0.031893253,0.23882431,Manufacturing,ELECTRONIC & OTHER ELECTRICAL EQUIPMENT (NO COMPUTER EQUIP)
256,CAT,-0.27075133937773005,0.5079522862823062,678.31,0.019647002,0.1371119,0.33140078,Manufacturing,CONSTRUCTION MACHINERY & EQUIP
257,WEC,-0.2715162514757313,0.5099403578528827,111.94,0.013857484,0.065689325,0.11997898,Transportation_Utilities,ELECTRIC & OTHER SERVICES COMBINED
258,EMR,-0.2728750890116448,0.5119284294234593,150.94,0.0014597178,0.061836123,0.30490977,Manufacturing,ELECTRONIC & OTHER ELECTRICAL EQUIPMENT (NO COMPUTER EQUIP)
259,SYY,-0.2734357429425817,0.5139165009940357,84.62,0.0060634613,0.1733222,0.44423157,Wholesale,WHOLESALE-GROCERIES & RELATED PRODUCTS
260,EW,-0.2749888392842863,0.5159045725646123,78.1,-0.041600168,-0.07933515,0.2198531,Manufacturing,"ORTHOPEDIC, PROSTHETIC & SURGICAL APPLIANCES & SUPPLIES"
261,MAA,-0.27517834697417515,0.5178926441351889,130.72,-0.02214235,-0.031560183,0.23818772,Finance_Insurance_RealEstate,REAL ESTATE INVESTMENT TRUSTS
262,VRTX,-0.27517834697417515,0.5198807157057654,458.81,-0.035465002,-0.052339137,0.27015987,Manufacturing,PHARMACEUTICAL PREPARATIONS
263,DPZ,-0.27517834697417515,0.5218687872763419,393.43,-0.033531487,-0.029765725,0.26223627,Wholesale,WHOLESALE-GROCERIES & RELATED PRODUCTS
264,VLTO,-0.2758599368400836,0.5238568588469185,90.79,-0.07986212,-0.094905734,0.3070082,Manufacturing,INSTRUMENTS FOR MEAS & TESTING OF ELECTRICITY & ELEC SIGNALS
265,GS,-0.2769752886361155,0.525844930417495,890.41,-0.052876234,-0.053782105,0.2922425,Finance_Insurance_RealEstate,"SECURITY BROKERS, DEALERS & FLOTATION COMPANIES"
266,CMS,-0.27998915646910316,0.5278330019880716,72.86,0.027644515,0.047441125,0.1417122,Transportation_Utilities,ELECTRIC & OTHER SERVICES COMBINED
267,GL,-0.27998915646910316,0.5298210735586482,146.95,0.049792886,0.051445365,0.18035477,Finance_Insurance_RealEstate,LIFE INSURANCE
268,APTV,-0.28021917206064956,0.5318091451292246,79.72,0.011290073,-0.029580057,0.48846444,Manufacturing,MOTOR VEHICLE PARTS & ACCESSORIES
269,IDXX,-0.2816763639008825,0.5337972166998012,643.59,-0.048942685,-0.09930718,0.25999114,Manufacturing,IN VITRO & IN VIVO DIAGNOSTIC SUBSTANCES
270,EQT,-0.28226361033299063,0.5357852882703777,55.33,-0.017752528,0.0154156685,0.43899047,Mining,CRUDE PETROLEUM & NATURAL GAS
271,CSCO,-0.2824291841449073,0.5377733598409543,82.36,0.050108433,0.10224843,0.264588,Manufacturing,COMPUTER COMMUNICATIONS EQUIPMENT
272,ITW,-0.2828261426529215,0.5397614314115308,288.29,0.09674358,0.1672132,0.29290518,Manufacturing,GENERAL INDUSTRIAL MACHINERY & EQUIPMENT
273,BEN,-0.28595628828231684,0.5417495029821073,26.91,0.039799094,0.069980145,0.3064229,Finance_Insurance_RealEstate,INVESTMENT ADVICE
274,FITB,-0.2864852013262785,0.5437375745526839,53.79,0.080337405,0.09395981,0.32542384,Finance_Insurance_RealEstate,STATE COMMERCIAL BANKS
275,NTAP,-0.2866088918249535,0.5457256461232605,99.59,0.012813926,-0.04524976,0.47920176,Manufacturing,COMPUTER STORAGE DEVICES
276,ORLY,-0.28678212776334255,0.547713717693837,92.86,-0.060596824,0.02212441,0.26962647,Retail,RETAIL-AUTO & HOME SUPPLY STORES
277,WSM,-0.28699101297803015,0.5497017892644135,212.49,0.03321016,0.107641816,0.35484043,Retail,"RETAIL-HOME FURNITURE, FURNISHINGS & EQUIPMENT STORES"
278,NKE,-0.2890823902734229,0.55168986083499,62.7,0.0015975237,-0.008225262,0.322562,Manufacturing,RUBBER & PLASTICS FOOTWEAR
279,FANG,-0.2895870730133362,0.5536779324055666,164.78,0.010486245,0.17322898,0.35664728,Mining,CRUDE PETROLEUM & NATURAL GAS
280,REGN,-0.2922182669107342,0.5556660039761432,766.63,0.022937179,-0.056188226,0.24506871,Manufacturing,PHARMACEUTICAL PREPARATIONS
281,WYNN,-0.295409647763169,0.5576540755467196,113.2,0.039390206,-0.027240753,0.29676062,Services,HOTELS & MOTELS
282,ABNB,-0.29800225796072255,0.5596421471172962,121.27,-0.07968438,-0.115075886,0.36764026,Services,SERVICES-TO DWELLINGS & OTHER BUILDINGS
283,TEL,-0.29800225796072255,0.5616302186878728,208.69,-0.07769477,-0.09103179,0.35190737,Wholesale,"WHOLESALE-ELECTRONIC PARTS & EQUIPMENT, NEC"
284,CTVA,-0.29886311596057574,0.5636182902584493,72.47,-0.018553555,0.057338834,0.26621026,Agriculture,
285,TRGP,-0.2989997798619753,0.5656063618290258,205.55,0.019997954,0.17759955,0.2062569,Transportation_Utilities,NATURAL GAS TRANSMISSION
286,CPT,-0.2995245316777408,0.5675944333996024,106.57,-0.022293568,-0.015337765,0.23927578,Finance_Insurance_RealEstate,REAL ESTATE INVESTMENT TRUSTS
287,GRMN,-0.2995245316777408,0.5695825049701789,198.69,-0.02912283,-0.056910932,0.30108905,Manufacturing,"SEARCH, DETECTION, NAVIGATION, GUIDANCE, AERONAUTICAL SYS"
288,NUE,-0.3003824338763996,0.5715705765407555,186.5,0.03662944,0.1316061,0.30728784,Manufacturing,"STEEL WORKS, BLAST FURNACES & ROLLING MILLS (COKE OVENS)"
289,OXY,-0.3009216569308187,0.5735586481113321,45.09,-0.007265508,0.10002434,0.37805656,Mining,CRUDE PETROLEUM & NATURAL GAS
290,NVDA,-0.30123254311733366,0.5755467196819085,171.88,-0.10716319,-0.091110945,0.31389493,Manufacturing,SEMICONDUCTORS & RELATED DEVICES
291,MAS,-0.30182490907945925,0.5775347912524851,71.11,0.07287264,0.105909705,0.34245282,Manufacturing,"HEATING EQUIP, EXCEPT ELEC & WARM AIR; & PLUMBING FIXTURES"
292,FOX,-0.3019712328964408,0.5795228628230616,59.15,-0.08578044,-0.11808556,0.21519278,Transportation_Utilities,TELEVISION BROADCASTING STATIONS
293,SJM,-0.3041073920917374,0.5815109343936382,109.28,0.056049466,0.1445328,0.23203099,Manufacturing,"CANNED, FRUITS, VEG, PRESERVES, JAMS & JELLIES"
294,CLX,-0.3045922084077034,0.5834990059642147,117.61,0.072105765,0.15575862,0.24710502,Manufacturing,"SPECIALTY CLEANING, POLISHING AND SANITATION PREPARATIONS"
295,FAST,-0.3068162303637017,0.5854870775347912,47.33,0.09256697,0.16547656,0.33829355,Retail,"RETAIL-BUILDING MATERIALS, HARDWARE, GARDEN SUPPLY"
296,EBAY,-0.30760527616701094,0.5874751491053678,86.52,-0.08357173,-0.040266275,0.38284734,Services,"SERVICES-BUSINESS SERVICES, NEC"
297,DOC,-0.3087217680254366,0.5894632206759444,16.68,-0.026837766,-0.015348315,0.24978895,Finance_Insurance_RealEstate,REAL ESTATE INVESTMENT TRUSTS
298,DIS,-0.30879049179558893,0.5914512922465208,104.97,-0.059239984,-0.0703215,0.35842294,Services,SERVICES-MISCELLANEOUS AMUSEMENT & RECREATION
299,VRSN,-0.30974246167416225,0.5934393638170974,242.62,-0.006510854,-0.0047584176,0.24226466,Services,SERVICES-COMPUTER PROGRAMMING SERVICES
300,FOXA,-0.3110147138542784,0.595427435387674,65.92,-0.08240533,-0.12141812,0.22648636,Transportation_Utilities,TELEVISION BROADCASTING STATIONS
301,TFC,-0.3110568687434386,0.5974155069582505,55.14,0.07443488,0.09015417,0.2139527,Finance_Insurance_RealEstate,NATIONAL COMMERCIAL BANKS
302,CPB,-0.31449506358043294,0.5994035785288271,28.71,0.062939644,0.09329772,0.32456616,Manufacturing,FOOD AND KINDRED PRODUCTS
303,HUBB,-0.31454953349605536,0.6013916500994035,487.4,-0.021226168,0.041008115,0.28075984,Manufacturing,ELECTRONIC COMPONENTS & ACCESSORIES
304,FFIV,-0.3148898301603525,0.6033797216699801,271.21,-0.04006654,0.012279749,0.41751015,Manufacturing,COMPUTER COMMUNICATIONS EQUIPMENT
305,UPS,-0.31539967178299294,0.6053677932405567,116.55,0.099632144,0.10568261,0.2883448,Transportation_Utilities,TRUCKING & COURIER SERVICES (NO AIR)
306,C,-0.3157851170124752,0.6073558648111332,115.74,0.0046875477,-0.046387136,0.3165683,Finance_Insurance_RealEstate,NATIONAL COMMERCIAL BANKS
307,MS,-0.3177031259918516,0.6093439363817097,175.84,-0.035964906,-0.048433363,0.31268883,Finance_Insurance_RealEstate,"SECURITY BROKERS, DEALERS & FLOTATION COMPANIES"
308,DRI,-0.31826567313765725,0.6113320079522863,213.56,0.07138908,0.06902933,0.3157644,Retail,RETAIL-EATING PLACES
309,CB,-0.3196747025561359,0.6133200795228628,331.28,0.08201325,0.08038998,0.2323366,Finance_Insurance_RealEstate,"FIRE, MARINE & CASUALTY INSURANCE"
310,IEX,-0.3198022346490952,0.6153081510934394,212.94,0.06619263,0.17978835,0.2631524,Manufacturing,PUMPS & PUMPING EQUIPMENT
311,AAPL,-0.32241927037755963,0.617296222664016,275.91,0.06825924,0.059847236,0.25207606,Manufacturing,ELECTRONIC COMPUTERS
312,VLO,-0.3230719020428186,0.6192842942345924,194.14,0.06383908,0.055912137,0.38286665,Manufacturing,PETROLEUM REFINING
313,STT,-0.32572717713758953,0.621272365805169,128.71,-0.020695329,-0.028236985,0.31542218,Finance_Insurance_RealEstate,STATE COMMERCIAL BANKS
314,AZO,-0.32588899023102397,0.6232604373757455,3605.03,-0.026656687,0.08648074,0.2678544,Retail,RETAIL-AUTO & HOME SUPPLY STORES
315,PHM,-0.3260557747599991,0.6252485089463221,134.05,0.053355336,0.14289367,0.42736548,Construction,OPERATIVE BUILDERS
316,DOV,-0.3260557747599991,0.6272365805168986,217.55,0.07416189,0.09113252,0.27009824,Manufacturing,"CONSTRUCTION, MINING & MATERIALS HANDLING MACHINERY & EQUIP"
317,RMD,-0.3261461057039187,0.6292246520874751,267.05,0.036644578,0.075903416,0.2646262,Manufacturing,SURGICAL & MEDICAL INSTRUMENTS & APPARATUS
318,LIN,-0.32690968387974956,0.6312127236580517,459.69,0.01030767,0.058851957,0.18179792,Manufacturing,INDUSTRIAL INORGANIC CHEMICALS
319,DXCM,-0.32690968387974956,0.6332007952286283,69.89,-0.05554056,-0.0029957294,0.28862527,Manufacturing,SURGICAL & MEDICAL INSTRUMENTS & APPARATUS
320,PNC,-0.32694949935766054,0.6351888667992047,238.51,0.06259465,0.102834344,0.24181466,Finance_Insurance_RealEstate,NATIONAL COMMERCIAL BANKS
321,VTR,-0.3275710995969147,0.6371769383697813,79.84,0.038636565,0.054828882,0.16956587,Finance_Insurance_RealEstate,REAL ESTATE INVESTMENT TRUSTS
322,WELL,-0.3275710995969147,0.6391650099403579,191.06,0.0289191,0.02914083,0.19033867,Finance_Insurance_RealEstate,REAL ESTATE INVESTMENT TRUSTS
323,JPM,-0.3275710995969147,0.6411530815109344,310.16,0.0122054815,-0.051469445,0.2619112,Finance_Insurance_RealEstate,NATIONAL COMMERCIAL BANKS
324,WAT,-0.3281452673961695,0.643141153081511,376.89,0.004557848,-0.056383133,0.23502679,Manufacturing,LABORATORY ANALYTICAL INSTRUMENTS
325,MRSH,-0.3281452673961695,0.6451292246520874,,,,,Finance_Insurance_RealEstate,"INSURANCE AGENTS, BROKERS & SERVICE"
326,DLR,-0.3281452673961695,0.647117296222664,164.65,-0.016662717,0.06314969,0.23950596,Finance_Insurance_RealEstate,REAL ESTATE INVESTMENT TRUSTS
327,EQR,-0.3281452673961695,0.6491053677932406,61.77,-0.0014548898,-0.0027445555,0.25395057,Finance_Insurance_RealEstate,REAL ESTATE INVESTMENT TRUSTS
328,HWM,-0.3281452673961695,0.6510934393638171,209.63,0.0033504963,-0.006021738,0.2870496,Manufacturing,ROLLING DRAWING & EXTRUDING OF NONFERROUS METALS
329,ALLE,-0.3289433089056641,0.6530815109343936,175.83,0.06913531,0.10570991,0.20205562,Services,"SERVICES-DETECTIVE, GUARD & ARMORED CAR SERVICES"
330,LDOS,-0.3298824835870004,0.6550695825049702,186.08,-0.0059298277,-0.053557813,0.18169662,Services,SERVICES-COMPUTER INTEGRATED SYSTEMS DESIGN
331,WMT,-0.32996023081942955,0.6570576540755467,126.94,0.08116853,0.12615335,0.23365048,Retail,RETAIL-VARIETY STORES
332,UNP,-0.33039857779955345,0.6590457256461233,251.45,0.07650483,0.12014437,0.28237638,Transportation_Utilities,"RAILROADS, LINE-HAUL OPERATING"
333,CINF,-0.33039857779955345,0.6610337972166997,171.5,0.08413935,0.05188918,0.20731317,Finance_Insurance_RealEstate,"FIRE, MARINE & CASUALTY INSURANCE"
334,GEHC,-0.3310640867838063,0.6630218687872763,82.31,0.04480827,-0.040228605,0.34124595,Manufacturing,X-RAY APPARATUS & TUBES & RELATED IRRADIATION APPARATUS
335,KR,-0.331273936516243,0.6650099403578529,66.67,0.07967603,0.12466264,0.25295,Retail,RETAIL-GROCERY STORES
336,PCG,-0.33177054324467214,0.6669980119284294,16.28,0.073878646,0.049645424,0.2897038,Transportation_Utilities,ELECTRIC & OTHER SERVICES COMBINED
337,PNR,-0.3323036461882259,0.668986083499006,94.97,-0.10329527,-0.050869465,0.4564205,Manufacturing,SPECIAL INDUSTRY MACHINERY (NO METALWORKING MACHINERY)
338,MO,-0.3325915364992306,0.6709741550695825,65.39,0.09421015,0.19499266,0.31677127,Manufacturing,CIGARETTES
339,RF,-0.3338324655300891,0.672962226640159,30.5,0.07167959,0.07167959,0.27876857,Finance_Insurance_RealEstate,NATIONAL COMMERCIAL BANKS
340,OKE,-0.334688791079745,0.6749502982107356,80.46,0.0241853,0.13772619,0.3509484,Transportation_Utilities,NATURAL GAS TRANSMISSION & DISTRIBUTION
341,GM,-0.3352391243664317,0.6769383697813122,83.3,-0.03431487,0.0169698,0.47310716,Manufacturing,MOTOR VEHICLES & PASSENGER CAR BODIES
342,AMP,-0.33537899703833235,0.6789264413518886,535.02,0.026200771,0.074251056,0.30655605,Finance_Insurance_RealEstate,INVESTMENT ADVICE
343,CASY,-0.3359617181762058,0.6809145129224652,653.02,0.068213105,0.13843906,0.23728177,Retail,RETAIL-AUTO DEALERS & GASOLINE STATIONS
344,KDP,-0.3366145805547523,0.6829025844930418,28.01,0.044369936,0.027889967,0.22548498,Manufacturing,BEVERAGES
345,AES,-0.3369824118249314,0.6848906560636183,15.59,0.03656912,0.07889271,0.46819845,Transportation_Utilities,COGENERATION SERVICES & SMALL POWER PRODUCERS
346,AON,-0.3371887483540071,0.6868787276341949,343.36,0.0011954308,-0.01874721,0.21709958,Finance_Insurance_RealEstate,"INSURANCE AGENTS, BROKERS & SERVICE"
347,ZBH,-0.3371887483540071,0.6888667992047713,88.73,0.031504393,-0.04251641,0.21711743,Manufacturing,"ORTHOPEDIC, PROSTHETIC & SURGICAL APPLIANCES & SUPPLIES"
348,HST,-0.3371887483540071,0.6908548707753479,19.0,0.018220782,0.068015695,0.21360302,Finance_Insurance_RealEstate,REAL ESTATE INVESTMENT TRUSTS
349,TSCO,-0.3374181763941201,0.6928429423459245,54.48,0.069073796,0.09200239,0.42098376,Retail,"RETAIL-BUILDING MATERIALS, HARDWARE, GARDEN SUPPLY"
350,HAS,-0.3374181763941201,0.694831013916501,95.43,0.054941416,0.09664452,0.2918387,Manufacturing,"GAMES, TOYS & CHILDREN'S VEHICLES (NO DOLLS & BICYCLES)"
351,IFF,-0.338400860776802,0.6968190854870775,73.43,0.055028796,0.0910846,0.28324032,Manufacturing,INDUSTRIAL ORGANIC CHEMICALS
352,CFG,-0.3409766684018187,0.6988071570576541,66.62,0.04929912,0.09231019,0.32006982,Finance_Insurance_RealEstate,STATE COMMERCIAL BANKS
353,GPC,-0.3410826300341584,0.7007952286282306,146.21,0.052779436,0.19296682,0.2643004,Wholesale,WHOLESALE-MOTOR VEHICLE SUPPLIES & NEW PARTS
354,BF.B,-0.34245029934278637,0.7027833001988072,28.97,0.07695162,0.14280069,0.35804904,Manufacturing,BEVERAGES
355,EOG,-0.34481682942256087,0.7047713717693836,112.49,0.0036580563,0.09692824,0.32654124,Mining,CRUDE PETROLEUM & NATURAL GAS
356,APD,-0.3451948671642101,0.7067594433399602,283.5,0.10733545,0.08259821,0.32762384,Manufacturing,INDUSTRIAL INORGANIC CHEMICALS
357,ADP,-0.34539143650432086,0.7087475149105368,233.99,-0.0487051,-0.10437882,0.2439696,Services,SERVICES-COMPUTER PROCESSING & DATA PREPARATION
358,ACGL,-0.347949965518167,0.7107355864811133,101.98,0.06539905,0.071668744,0.2149713,Finance_Insurance_RealEstate,"FIRE, MARINE & CASUALTY INSURANCE"
359,YUM,-0.3479527060598721,0.7127236580516899,161.09,0.03608179,0.07043648,0.22379483,Retail,RETAIL-EATING PLACES
360,DHI,-0.34883137154664956,0.7147117296222664,158.13,0.051256537,0.1350944,0.42676893,Construction,OPERATIVE BUILDERS
361,TAP,-0.34883137154664956,0.7166998011928429,51.13,0.07483709,0.11297345,0.28432277,Manufacturing,MALT BEVERAGES
362,HON,-0.34897590667324335,0.7186878727634195,233.85,0.02908814,0.17212176,0.25446832,Manufacturing,AIRCRAFT ENGINES & ENGINE PARTS
363,AMZN,-0.3489836114015581,0.7206759443339961,222.69,-0.07876551,-0.07811719,0.30062148,Retail,RETAIL-CATALOG & MAIL-ORDER HOUSES
364,AOS,-0.3495376702037645,0.7226640159045725,78.11,0.06751406,0.16373658,0.32774773,Manufacturing,HOUSEHOLD APPLIANCES
365,USB,-0.3523390700359397,0.7246520874751491,59.11,0.04935205,0.07727361,0.19616121,Finance_Insurance_RealEstate,NATIONAL COMMERCIAL BANKS
366,XEL,-0.35470498239749065,0.7266401590457257,76.12,0.0019744635,0.03960669,0.16083273,Transportation_Utilities,ELECTRIC & OTHER SERVICES COMBINED
367,BLK,-0.35732800593769665,0.7286282306163022,1054.8,-0.06471121,-0.018872738,0.35076448,Finance_Insurance_RealEstate,"SECURITY BROKERS, DEALERS & FLOTATION COMPANIES"
368,KEY,-0.3580007408779353,0.7306163021868787,22.7,0.049468398,0.06572783,0.20572965,Finance_Insurance_RealEstate,NATIONAL COMMERCIAL BANKS
369,ZBRA,-0.3586468737401378,0.7326043737574552,241.08,0.013111472,-0.023809552,0.4130868,Manufacturing,GENERAL INDUSTRIAL MACHINERY & EQUIPMENT
370,TRV,-0.35869639943909265,0.7345924453280318,300.31,0.056350827,0.06045413,0.2004129,Finance_Insurance_RealEstate,"FIRE, MARINE & CASUALTY INSURANCE"
371,EQIX,-0.35955744701318365,0.7365805168986084,807.56,-0.02238363,0.039933085,0.20499592,Finance_Insurance_RealEstate,REAL ESTATE INVESTMENT TRUSTS
372,NVR,-0.3601937731807706,0.7385685884691849,8044.79,0.055226088,0.12570429,0.25700462,Construction,OPERATIVE BUILDERS
373,RTX,-0.36081895439544,0.7405566600397614,195.97,-0.019561768,0.05513382,0.26324606,Manufacturing,AIRCRAFT ENGINES & ENGINE PARTS
374,PKG,-0.36124610822432457,0.742544731610338,231.91,0.053131104,0.121367455,0.27227497,Manufacturing,PAPERBOARD CONTAINERS & BOXES
375,KMB,-0.3613364391682442,0.7445328031809145,104.26,0.05676055,0.06867576,0.19830629,Manufacturing,CONVERTED PAPER & PAPERBOARD PRODS (NO CONTANERS/BOXES)
376,PFG,-0.36139312219469477,0.7465208747514911,95.5,0.007809162,0.050836325,0.23699859,Finance_Insurance_RealEstate,ACCIDENT & HEALTH INSURANCE
377,HIG,-0.3622189396403267,0.7485089463220675,142.3,0.075017095,0.04709351,0.19736212,Finance_Insurance_RealEstate,"FIRE, MARINE & CASUALTY INSURANCE"
378,WY,-0.36420604087503855,0.7504970178926441,26.71,0.030080914,0.15228641,0.35430205,Finance_Insurance_RealEstate,REAL ESTATE INVESTMENT TRUSTS
379,DAL,-0.3651418302344046,0.7524850894632207,69.78,0.048692465,-0.026099145,0.35380384,Transportation_Utilities,"AIR TRANSPORTATION, SCHEDULED"
380,ERIE,-0.3656455942903295,0.7544731610337972,285.62,0.012477756,0.01319623,0.26892787,Finance_Insurance_RealEstate,"INSURANCE AGENTS, BROKERS & SERVICE"
381,ABBV,-0.3663339167904989,0.7564612326043738,219.02,-0.006396532,-0.061691344,0.26694068,Manufacturing,PHARMACEUTICAL PREPARATIONS
382,PFE,-0.36822818117276096,0.7584493041749503,26.49,0.014942527,0.04786384,0.27169925,Manufacturing,PHARMACEUTICAL PREPARATIONS
383,IBM,-0.369484633273959,0.7604373757455268,289.89,-0.06257266,-0.023051262,0.45304555,Manufacturing,COMPUTER & OFFICE EQUIPMENT
384,NSC,-0.3699684701292941,0.7624254473161034,306.91,0.05772674,0.08032668,0.25272736,Transportation_Utilities,"RAILROADS, LINE-HAUL OPERATING"
385,CSX,-0.3699684701292941,0.76441351888668,39.87,0.05281222,0.13751781,0.22058931,Transportation_Utilities,"RAILROADS, LINE-HAUL OPERATING"
386,PSA,-0.3699684701292941,0.7664015904572564,282.82,0.01935482,0.0645138,0.2931591,Finance_Insurance_RealEstate,REAL ESTATE INVESTMENT TRUSTS
387,ETN,-0.37228824214870077,0.768389662027833,354.67,0.0008466244,0.09917247,0.24731597,Manufacturing,MISC INDUSTRIAL & COMMERCIAL MACHINERY & EQUIPMENT
388,SHW,-0.37309686903078504,0.7703777335984096,361.04,0.018218756,0.089405894,0.27217746,Retail,"RETAIL-BUILDING MATERIALS, HARDWARE, GARDEN SUPPLY"
389,NEE,-0.3742988624233477,0.7723658051689861,89.21,0.011680603,0.13831818,0.169741,Transportation_Utilities,ELECTRIC SERVICES
390,SBUX,-0.3743112731688485,0.7743538767395626,96.07,0.023327708,0.10820162,0.25576526,Retail,RETAIL-EATING & DRINKING PLACES
391,MDLZ,-0.3748730302226025,0.7763419483101391,60.31,0.052346826,0.17084062,0.24039815,Manufacturing,FOOD AND KINDRED PRODUCTS
392,KHC,-0.37553444593976765,0.7783300198807157,24.445,0.05639589,0.06236422,0.34173885,Manufacturing,"CANNED, FROZEN & PRESERVD FRUIT, VEG & FOOD SPECIALTIES"
393,FRT,-0.37563014097128966,0.7803180914512923,104.85,0.042350173,0.031277657,0.17765553,Finance_Insurance_RealEstate,REAL ESTATE INVESTMENT TRUSTS
394,WRB,-0.37563014097128966,0.7823061630218688,71.29,0.04438913,0.040881872,0.20438385,Finance_Insurance_RealEstate,"FIRE, MARINE & CASUALTY INSURANCE"
395,L,-0.37563014097128966,0.7842942345924453,110.89,0.05932367,0.051588416,0.14960329,Finance_Insurance_RealEstate,"FIRE, MARINE & CASUALTY INSURANCE"
396,NTRS,-0.37610861373902243,0.7862823061630219,147.48,-0.021107197,0.03407657,0.29078853,Finance_Insurance_RealEstate,STATE COMMERCIAL BANKS
397,BXP,-0.37610861373902243,0.7882703777335984,63.17,-0.028303385,-0.044760287,0.22489624,Finance_Insurance_RealEstate,REAL ESTATE INVESTMENT TRUSTS
398,VMC,-0.3771148820435903,0.790258449304175,310.76,0.037699938,0.063809395,0.28949648,Mining,MINING & QUARRYING OF NONMETALLIC MINERALS (NO FUELS)
399,F,-0.37734934112641977,0.7922465208747514,13.72,-0.01999998,-0.0014555454,0.3052028,Manufacturing,MOTOR VEHICLES & PASSENGER CAR BODIES
400,CMCSA,-0.37809297495361377,0.794234592445328,30.85,0.05506158,0.105734825,0.25021216,Transportation_Utilities,CABLE & OTHER PAY TELEVISION SERVICES
401,IRM,-0.3810906673620483,0.7962226640159046,88.95,-0.04385686,0.021826506,0.29558134,Finance_Insurance_RealEstate,REAL ESTATE INVESTMENT TRUSTS
402,CME,-0.38153314410753286,0.7982107355864811,297.38,0.026049852,0.11442971,0.15731773,Finance_Insurance_RealEstate,"SECURITY & COMMODITY BROKERS, DEALERS, EXCHANGES & SERVICES"
403,JNJ,-0.3817294793360532,0.8001988071570576,237.79,0.04619646,0.14603102,0.15734461,Manufacturing,PHARMACEUTICAL PREPARATIONS
404,DHR,-0.3817294793360532,0.8021868787276342,215.75,-0.017621338,-0.08413637,0.30295575,Manufacturing,"INDUSTRIAL INSTRUMENTS FOR MEASUREMENT, DISPLAY, AND CONTROL"
405,KMI,-0.3817294793360532,0.8041749502982107,30.33,0.0029761791,0.123333335,0.24064685,Transportation_Utilities,NATURAL GAS TRANSMISSION
406,TSN,-0.3817294793360532,0.8061630218687873,65.2,-0.0003067255,0.1601423,0.22800943,Manufacturing,POULTRY SLAUGHTERING AND PROCESSING
407,SOLV,-0.3817294793360532,0.8081510934393639,76.98,0.0060116053,-0.0861823,0.28574076,Manufacturing,SURGICAL & MEDICAL INSTRUMENTS & APPARATUS
408,REG,-0.3817294793360532,0.8101391650099403,75.48,0.048624635,0.07843983,0.18770392,Finance_Insurance_RealEstate,REAL ESTATE INVESTMENT TRUSTS
409,DGX,-0.3818653001551841,0.8121272365805169,192.3,0.05456543,0.07948804,0.2576558,Services,SERVICES-MEDICAL LABORATORIES
410,PLD,-0.3821659027105212,0.8141153081510935,136.14,0.04393828,0.07281327,0.22909045,Finance_Insurance_RealEstate,REAL ESTATE INVESTMENT TRUSTS
411,MTB,-0.38264973956585635,0.81610337972167,233.94,0.056448698,0.116392255,0.20907997,Finance_Insurance_RealEstate,STATE COMMERCIAL BANKS
412,POOL,-0.38357224651376226,0.8180914512922465,257.54,0.008458018,0.08662093,0.28054947,Wholesale,WHOLESALE-MISC DURABLE GOODS
413,NDSN,-0.385343139457683,0.820079522862823,282.57,0.027527332,0.117495894,0.2022706,Manufacturing,"GENERAL INDUSTRIAL MACHINERY & EQUIPMENT, NEC"
414,AIG,-0.385343139457683,0.8220675944333996,75.96,0.02151692,-0.014402509,0.2452263,Finance_Insurance_RealEstate,"FIRE, MARINE & CASUALTY INSURANCE"
415,LOW,-0.385343139457683,0.8240556660039762,274.89,0.030940652,0.11237466,0.2934772,Retail,RETAIL-LUMBER & OTHER BUILDING MATERIALS DEALERS
416,CVX,-0.385343139457683,0.8260437375745527,179.23,0.04696536,0.15483248,0.20570911,Manufacturing,PETROLEUM REFINING
417,MCD,-0.38611777225081884,0.8280318091451292,323.48,0.025260687,0.06351924,0.12572072,Retail,RETAIL-EATING PLACES
418,EIX,-0.3869925426054107,0.8300198807157058,63.71,0.024770856,0.08980501,0.26867586,Transportation_Utilities,ELECTRIC SERVICES
419,KO,-0.3869925426054107,0.8320079522862823,78.51,0.06918156,0.1624223,0.16713351,Manufacturing,BEVERAGES
420,BRK.B,-0.3869925426054107,0.8339960238568589,503.89,0.056838393,0.015661597,0.15729566,Finance_Insurance_RealEstate,"FIRE, MARINE & CASUALTY INSURANCE"
421,BIIB,-0.3869925426054107,0.8359840954274353,185.36,0.052105904,-0.008292794,0.37318227,Manufacturing,"BIOLOGICAL PRODUCTS, (NO DIAGNOSTIC SUBSTANCES)"
422,EXE,-0.38826524107528476,0.8379721669980119,109.37,-0.004822552,0.025407791,0.3877925,Mining,CRUDE PETROLEUM & NATURAL GAS
423,CTAS,-0.38826524107528476,0.8399602385685885,194.11,0.023517013,0.039689302,0.14220652,Manufacturing,"MEN'S & BOYS' FURNISHGS, WORK CLOTHG, & ALLIED GARMENTS"
424,GD,-0.38826524107528476,0.841948310139165,352.05,0.006000757,0.01854527,0.22437605,Manufacturing,SHIP & BOAT BUILDING & REPAIRING
425,AWK,-0.38826524107528476,0.8439363817097415,125.68,-0.025736451,-0.012493074,0.20118651,Transportation_Utilities,WATER SUPPLY
426,TKO,-0.38826524107528476,0.8459244532803181,208.16,0.035106897,0.025873542,0.3071169,Services,SERVICES-AMUSEMENT & RECREATION SERVICES
427,MDT,-0.38883940887453955,0.8479125248508946,102.95,0.019306898,0.031873345,0.1959849,Manufacturing,ELECTROMEDICAL & ELECTROTHERAPEUTIC APPARATUS
428,MLM,-0.38883940887453955,0.8499005964214712,670.95,0.026969552,0.0734514,0.29361916,Mining,MINING & QUARRYING OF NONMETALLIC MINERALS (NO FUELS)
429,ESS,-0.38883940887453955,0.8518886679920478,251.49,0.006443143,0.0017127991,0.22195424,Finance_Insurance_RealEstate,REAL ESTATE INVESTMENT TRUSTS
430,PH,-0.38883940887453955,0.8538767395626242,967.62,0.020265698,0.06520319,0.20485587,Manufacturing,MISCELLANEOUS FABRICATED METAL PRODUCTS
431,AVY,-0.38883940887453955,0.8558648111332008,192.88,0.040457487,0.06840968,0.23067825,Manufacturing,CONVERTED PAPER & PAPERBOARD PRODS (NO CONTANERS/BOXES)
432,TMUS,-0.38883940887453955,0.8578528827037774,201.86,0.0664624,0.023163915,0.2914672,Transportation_Utilities,RADIOTELEPHONE COMMUNICATIONS
433,AXP,-0.38883940887453955,0.8598409542743539,354.62,-0.010822892,-0.06239754,0.2802089,Finance_Insurance_RealEstate,FINANCE SERVICES
434,AIZ,-0.38883940887453955,0.8618290258449304,242.46,0.016433358,0.025200844,0.15566689,Finance_Insurance_RealEstate,"INSURANCE CARRIERS, NEC"
435,ES,-0.38883940887453955,0.8638170974155069,67.73,-0.017266333,0.0321548,0.20356727,Transportation_Utilities,ELECTRIC SERVICES
436,KVUE,-0.38883940887453955,0.8658051689860835,18.07,0.050581336,0.07945037,0.18375297,Manufacturing,"PERFUMES, COSMETICS & OTHER TOILET PREPARATIONS"
437,V,-0.38883940887453955,0.8677932405566601,329.13,-0.008046985,-0.07516581,0.26579398,Services,"SERVICES-BUSINESS SERVICES, NEC"
438,AME,-0.38883940887453955,0.8697813121272365,229.79,0.013988137,0.08812392,0.18350674,Manufacturing,"INDUSTRIAL INSTRUMENTS FOR MEASUREMENT, DISPLAY, AND CONTROL"
439,AMT,-0.38883940887453955,0.8717693836978131,171.49,-0.054317832,0.01209867,0.2816571,Finance_Insurance_RealEstate,REAL ESTATE INVESTMENT TRUSTS
440,ED,-0.3930918809701743,0.8737574552683897,108.87,0.027463198,0.095602274,0.14308518,Transportation_Utilities,ELECTRIC & OTHER SERVICES COMBINED
441,ECL,-0.3930918809701743,0.8757455268389662,287.19,0.0154156685,0.068614006,0.1484326,Manufacturing,"SOAP, DETERGENTS, CLEANG PREPARATIONS, PERFUMES, COSMETICS"
442,EA,-0.3930918809701743,0.8777335984095428,197.93,-0.029517055,-0.0321272,0.09197876,Services,SERVICES-PREPACKAGED SOFTWARE
443,DUK,-0.3930918809701743,0.8797216699801192,123.41,0.020845413,0.06213963,0.13358589,Transportation_Utilities,ELECTRIC & OTHER SERVICES COMBINED
444,MTD,-0.3930918809701743,0.8817097415506958,1382.85,-0.0071439147,-0.05984217,0.25043184,Manufacturing,LABORATORY ANALYTICAL INSTRUMENTS
445,WAB,-0.3930918809701743,0.8836978131212724,240.12,0.032197,0.108484864,0.18921001,Manufacturing,RAILROAD EQUIPMENT
446,NI,-0.3930918809701743,0.885685884691849,43.93,-0.01612544,0.057534933,0.13006903,Transportation_Utilities,ELECTRIC & OTHER SERVICES COMBINED
447,D,-0.3930918809701743,0.8876739562624254,62.52,0.027782321,0.09530485,0.16803549,Transportation_Utilities,ELECTRIC SERVICES
448,WFC,-0.3930918809701743,0.889662027833002,92.01,0.015114784,-0.02418071,0.27261972,Finance_Insurance_RealEstate,NATIONAL COMMERCIAL BANKS
449,AEP,-0.3930918809701743,0.8916500994035785,120.61,0.011744022,0.06077397,0.15546621,Transportation_Utilities,ELECTRIC SERVICES
450,WM,-0.3930918809701743,0.8936381709741551,226.6,0.015551448,0.049219847,0.19385143,Transportation_Utilities,REFUSE SYSTEMS
451,AEE,-0.3930918809701743,0.8956262425447317,104.81,0.010022163,0.057938814,0.11530249,Transportation_Utilities,ELECTRIC & OTHER SERVICES COMBINED
452,VICI,-0.3930918809701743,0.8976143141153081,28.74,0.022411942,0.042815685,0.18540864,Finance_Insurance_RealEstate,REAL ESTATE INVESTMENT TRUSTS
453,COST,-0.3930918809701743,0.8996023856858847,989.29,0.038199544,0.12090683,0.2139057,Retail,RETAIL-VARIETY STORES
454,COO,-0.3930918809701743,0.9015904572564613,80.1,-0.0033594966,-0.04529208,0.19501923,Manufacturing,OPHTHALMIC GOODS
455,PNW,-0.3930918809701743,0.9035785288270378,94.59,0.016659498,0.08226538,0.18569458,Transportation_Utilities,ELECTRIC SERVICES
456,PG,-0.3930918809701743,0.9055666003976143,158.61,0.05810547,0.14901483,0.17555839,Manufacturing,"SOAP, DETERGENTS, CLEANG PREPARATIONS, PERFUMES, COSMETICS"
457,EVRG,-0.3930918809701743,0.9075546719681908,77.57,0.015712976,0.06978345,0.14815655,Transportation_Utilities,ELECTRIC & OTHER SERVICES COMBINED
458,CRH,-0.3930918809701743,0.9095427435387674,121.77,-0.015443087,-0.009033203,0.33875582,Manufacturing,"CEMENT, HYDRAULIC"
459,PEG,-0.3930918809701743,0.911530815109344,79.79,-0.026951194,0.028486729,0.17706756,Transportation_Utilities,ELECTRIC & OTHER SERVICES COMBINED
460,MSI,-0.3930918809701743,0.9135188866799204,417.15,0.0347265,0.105062366,0.15645036,Manufacturing,RADIO & TV BROADCASTING & COMMUNICATIONS EQUIPMENT
461,MNST,-0.3930918809701743,0.915506958250497,81.75,0.021364331,0.07353902,0.19066696,Manufacturing,BOTTLED & CANNED SOFT DRINKS & CARBONATED WATERS
462,O,-0.3930918809701743,0.9174950298210736,63.36,0.042448163,0.1047951,0.16449386,Finance_Insurance_RealEstate,REAL ESTATE INVESTMENT TRUSTS
463,CPRT,-0.3930918809701743,0.9194831013916501,39.88,-0.009930432,0.044252515,0.25865752,Retail,RETAIL-AUTO DEALERS & GASOLINE STATIONS
464,MA,-0.3930918809701743,0.9214711729622267,551.89,0.015007496,-0.04833418,0.2723102,Services,"SERVICES-BUSINESS SERVICES, NEC"
465,MAR,-0.3930918809701743,0.9234592445328031,326.45,0.020890117,0.02252078,0.2468016,Services,HOTELS & MOTELS
466,ETR,-0.3930918809701743,0.9254473161033797,96.89,0.008955598,0.061110497,0.19300167,Transportation_Utilities,ELECTRIC SERVICES
467,PGR,-0.3930918809701743,0.9274353876739563,207.56,-0.0033611655,-0.0073649287,0.28899342,Finance_Insurance_RealEstate,"FIRE, MARINE & CASUALTY INSURANCE"
468,DTE,-0.3930918809701743,0.9294234592445328,136.14,0.012645006,0.061437726,0.15091981,Transportation_Utilities,ELECTRIC SERVICES
469,CNP,-0.3930918809701743,0.9314115308151093,40.22,0.015913129,0.06543052,0.15750618,Transportation_Utilities,ELECTRIC SERVICES
470,LNT,-0.3930918809701743,0.9333996023856859,66.83,0.00753808,0.03452015,0.14488736,Transportation_Utilities,ELECTRIC & OTHER SERVICES COMBINED
471,LH,-0.3930918809701743,0.9353876739562624,278.23,0.031207204,0.096559405,0.18936995,Services,SERVICES-MEDICAL LABORATORIES
472,SPG,-0.3930918809701743,0.937375745526839,197.26,0.039304495,0.07235658,0.19524972,Finance_Insurance_RealEstate,REAL ESTATE INVESTMENT TRUSTS
473,SO,-0.3930918809701743,0.9393638170974155,91.08,0.021763563,0.055755258,0.14186645,Transportation_Utilities,ELECTRIC SERVICES
474,SBAC,-0.3930918809701743,0.941351888667992,180.51,-0.0386644,-0.005016029,0.2827001,Finance_Insurance_RealEstate,REAL ESTATE INVESTMENT TRUSTS
475,SCHW,-0.3930918809701743,0.9433399602385686,102.0,-0.0142070055,0.0006867647,0.20645733,Finance_Insurance_RealEstate,"SECURITY BROKERS, DEALERS & FLOTATION COMPANIES"
476,RJF,-0.3930918809701743,0.9453280318091452,167.44,-0.0010142326,0.013866186,0.23679641,Finance_Insurance_RealEstate,"SECURITY BROKERS, DEALERS & FLOTATION COMPANIES"
477,ROL,-0.3930918809701743,0.9473161033797217,64.47,0.022846341,0.08444071,0.10575704,Services,SERVICES-TO DWELLINGS & OTHER BUILDINGS
478,ROST,-0.3930918809701743,0.9493041749502982,189.23,0.014638066,0.011979222,0.1705902,Retail,RETAIL-FAMILY CLOTHING STORES
479,RSG,-0.3930918809701743,0.9512922465208747,218.72,0.018486619,0.046106696,0.13696614,Transportation_Utilities,REFUSE SYSTEMS
480,CBRE,-0.3930918809701743,0.9532803180914513,166.18,-0.031641543,-0.0009018779,0.27437,Finance_Insurance_RealEstate,REAL ESTATE
481,PPL,-0.3930918809701743,0.9552683896620279,35.67,-0.017626107,0.03571427,0.18332638,Transportation_Utilities,ELECTRIC SERVICES
482,PM,-0.3930918809701743,0.9572564612326043,182.0,0.02310419,0.17305839,0.24322532,Manufacturing,CIGARETTES
483,FE,-0.3930918809701743,0.9592445328031809,46.99,-0.0071836114,0.054533243,0.14291987,Transportation_Utilities,ELECTRIC SERVICES
484,EXC,-0.3930918809701743,0.9612326043737575,44.06,-0.007881045,0.02488947,0.16260307,Transportation_Utilities,ELECTRIC & OTHER SERVICES COMBINED
485,KIM,-0.3930918809701743,0.963220675944334,21.69,0.047320247,0.06794691,0.18957584,Finance_Insurance_RealEstate,REAL ESTATE INVESTMENT TRUSTS
486,INVH,-0.3930918809701743,0.9652087475149106,26.41,0.0022770166,0.0,0.20804608,Finance_Insurance_RealEstate,REAL ESTATE OPERATORS (NO DEVELOPERS) & LESSORS
487,SRE,-0.3930918809701743,0.967196819085487,86.66,-0.005051613,0.003473878,0.23119004,Transportation_Utilities,GAS & OTHER SERVICES COMBINED
488,BK,-0.3930918809701743,0.9691848906560636,120.51,-0.008066475,0.0004981756,0.21726206,Finance_Insurance_RealEstate,STATE COMMERCIAL BANKS
489,TJX,-0.3930918809701743,0.9711729622266402,155.4,0.05377364,0.008828878,0.19688508,Retail,RETAIL-FAMILY CLOTHING STORES
490,BDX,-0.3930918809701743,0.9731610337972167,206.51,0.026953101,0.0187459,0.20416248,Manufacturing,SURGICAL & MEDICAL INSTRUMENTS & APPARATUS
491,BAC,-0.3930918809701743,0.9751491053677932,54.94,0.035041332,-0.012580872,0.22495364,Finance_Insurance_RealEstate,NATIONAL COMMERCIAL BANKS
492,EXR,-0.3930918809701743,0.9771371769383698,138.54,-0.002376318,0.034807205,0.27664086,Finance_Insurance_RealEstate,REAL ESTATE INVESTMENT TRUSTS
493,EXPD,-0.3930918809701743,0.9791252485089463,163.78,0.0141175985,0.043849587,0.18347728,Transportation_Utilities,ARRANGEMENT OF TRANSPORTATION OF FREIGHT & CARGO
494,SYK,-0.3930918809701743,0.9811133200795229,362.42,0.022918463,-0.014493525,0.22342059,Manufacturing,SURGICAL & MEDICAL INSTRUMENTS & APPARATUS
495,CBOE,-0.3930918809701743,0.9831013916500994,275.28,0.036758065,0.078852415,0.17608884,Finance_Insurance_RealEstate,"SECURITY & COMMODITY BROKERS, DEALERS, EXCHANGES & SERVICES"
496,GE,-0.3930918809701743,0.9850894632206759,306.37,0.025128841,-0.053361833,0.3909237,Manufacturing,ELECTRONIC & OTHER ELECTRICAL EQUIPMENT (NO COMPUTER EQUIP)
497,HRL,-0.3930918809701743,0.9870775347912525,25.09,0.026595712,0.12309754,0.27590778,Manufacturing,MEAT PACKING PLANTS
498,HD,-0.3930918809701743,0.989065606361829,382.37,0.028401613,0.09542775,0.25218555,Retail,RETAIL-LUMBER & OTHER BUILDING MATERIALS DEALERS
499,HLT,-0.3930918809701743,0.9910536779324056,308.72,0.03154242,0.051856875,0.18938331,Services,HOTELS & MOTELS
500,UDR,-0.3930918809701743,0.9930417495029821,37.13,0.0059604645,0.0084193945,0.21843489,Finance_Insurance_RealEstate,REAL ESTATE INVESTMENT TRUSTS
501,ATO,-0.3930918809701743,0.9950298210735586,171.5,0.033132553,0.03219986,0.15837257,Transportation_Utilities,NATURAL GAS DISTRIBUTION
502,XYL,-0.3930918809701743,0.9970178926441352,139.24,0.009570837,-0.0013626218,0.31116277,Manufacturing,PUMPS & PUMPING EQUIPMENT
503,ZTS,-0.3930918809701743,0.9990059642147118,126.73,0.041160107,0.0084347725,0.2266214,Manufacturing,PHARMACEUTICAL PREPARATIONS
