date,group,prev_signal_date,repeated_top10_count,repeated_top10_names,prior_top30_1d_pct,top30_overlap,top_sector_pct,repeated_cohort_1d_pct,curr_top30_5d_pct,cohort_3d_prior_pct,spy_5d_prior_pct,spy_20d_vol_pct,top10_pre5d_mean_pct,top10_sector_pct,top10_top_sector,days_since_prior_earnings_peak,news_article_mentions,news_pos_pct,news_neg_pct,news_neutral_pct,cohort_pos_names,cohort_neg_names,cohort_strong_neg_names,bad_keyword_hits,bad_keyword_titles,cohort_news_labels
2025-10-30,recovered,2025-10-29,6,AMD;CIEN;LITE;SNDK;VRT;WDC,-1.9902796,0.9,0.6,-3.2667112,0.5611231327056885,4.228109529182156,1.2013219006788312,14.69068793128409,9.945152449999998,0.9,Manufacturing,76,27,0.6666666666666666,0.0,0.3333333333333333,3,0,0,7,"Up 111%, Should You Buy Intel Stock Right Now? | Should You Buy Advanced Micro Devices Stock Before Nov. 4? | Intel: Explosive Comeback Fueled by AI and $15 B Strategic Investments | AMD Powers U.S. Sovereign AI Factory Supercomputers, Accelerating an Open American AI Stack | 4 Growth Stocks to Invest $1,000 in Right Now",AMD:STRONG-POS;CIEN:NO-NEWS;LITE:POS;SNDK:NO-NEWS;VRT:POS;WDC:NO-NEWS
2025-11-04,recovered,2025-11-03,8,AMD;CIEN;COHR;LITE;MU;SNDK;STX;WDC,-3.3809564,0.7666666666666667,0.7,-4.7335973,1.697311520576477,-1.7291085868667413,-1.720373766483263,15.296150461657007,1.0529601439999998,1.0,Manufacturing,81,22,0.5909090909090909,0.045454545454545456,0.36363636363636365,4,0,0,4,"AMD Hit With Two Lawsuits From Adeia Alleging Massive Patent Violations Ahead Of Q3 Earnings | 1 Impressive Quantum Computing ETF I'm Strongly Considering Right Now | Up 111%, Should You Buy Intel Stock Right Now? | Should You Buy Advanced Micro Devices Stock Before Nov. 4?",AMD:POS;CIEN:NO-NEWS;COHR:NO-NEWS;LITE:NO-NEWS;MU:POS;SNDK:NO-NEWS;STX:POS;WDC:POS
2025-11-06,bad,2025-11-05,8,AMD;CIEN;LITE;MU;SNDK;STX;WBD;WDC,-1.2436587,0.8666666666666667,0.6,-0.43169037,-2.6355950832366943,3.596392128519854,-1.4003500875218955,15.673733446294962,5.75286203,0.8,Manufacturing,83,23,0.4782608695652174,0.13043478260869565,0.391304347826087,4,0,0,3,"China Reportedly Bans Foreign AI Chips In State-Funded Data Centers In A Blow To Nvidia, AMD | AMD Hit With Two Lawsuits From Adeia Alleging Massive Patent Violations Ahead Of Q3 Earnings | 1 Impressive Quantum Computing ETF I'm Strongly Considering Right Now",AMD:POS;CIEN:NO-NEWS;LITE:POS;MU:POS;SNDK:NO-NEWS;STX:NO-NEWS;WBD:NEUTRAL;WDC:POS
2025-11-11,bad,2025-11-10,8,AMD;CIEN;LITE;MU;ORCL;SMCI;SNDK;STX,-1.1430905,0.7333333333333333,0.6666666666666666,-2.1222167,-6.580249309539795,4.585122204156078,1.1492210177122208,11.996413535990634,10.248950189999999,0.9,Manufacturing,88,47,0.5319148936170213,0.1702127659574468,0.2978723404255319,6,0,0,5,"Recent IPO Earnings in Focus in the Final Peak Week of the Q3 Season | Energy Transfer's Growth Outlook Just Keeps Getting Better | Consumer Tech News (Nov 3-7): Trump Blocks Nvidia Blackwell AI Chip Exports, China Bans Foreign AI Chips In Data Centers | Cleared Out: CyberArk Software Stock Sacrificed for New Opportunities | China Reportedly Bans Foreign AI Chips In State-Funded Data Centers In A Blow To Nvidia, AMD",AMD:POS;CIEN:NO-NEWS;LITE:POS;MU:POS;ORCL:POS;SMCI:NEUTRAL;SNDK:POS;STX:POS
2025-11-18,recovered,2025-11-17,9,CIEN;COHR;DXCM;HOOD;LITE;MU;SNDK;STX;WDC,-1.2438248,0.8333333333333334,0.6333333333333333,-2.414044,2.900209426879883,-1.13316736150737,-3.3557833089311817,13.371095775359912,-8.28237111,0.8,Manufacturing,3,13,0.46153846153846156,0.3076923076923077,0.23076923076923078,4,1,1,4,"Tech Stocks Drop, Pharma Gains As Sector Rotation Picks Up: What's Moving Markets Tuesday? | DXCM INVESTOR ALERT: Bronstein, Gewirtz & Grossman LLC Announces that DexCom, Inc. Investors with Substantial Losses Hav | Shareholders that lost money on DexCom, Inc. (DXCM) Urged to Join Class Action – Contact Levi & Korsinsky to Learn More | ROSEN, A LEADING NATIONAL FIRM, Encourages DexCom, Inc. Investors to Secure Counsel Before Important Deadline in Securit",CIEN:NO-NEWS;COHR:NO-NEWS;DXCM:STRONG-NEG;HOOD:POS;LITE:NO-NEWS;MU:POS;SNDK:POS;STX:NO-NEWS;WDC:POS
2025-11-20,recovered,2025-11-19,9,AMD;CIEN;COHR;LITE;MU;SNDK;STX;TER;WDC,-5.860112,0.7666666666666667,0.7,-9.712052,9.094715118408203,-11.122355567388716,-2.9031010058925055,14.133752125191142,-9.03475705,1.0,Manufacturing,5,22,0.4090909090909091,0.09090909090909091,0.5,5,0,0,4,"Nvidia Earnings Preview: Can the AI Juggernaut Keep the Rally Alive? | Tech Stocks Drop, Pharma Gains As Sector Rotation Picks Up: What's Moving Markets Tuesday? | Leverage Shares by Themes expands its single stock Leveraged ETF lineup with NU, NET, OKTA, TER, NEM, CMG, ABNB, SPOT an | 1 Artificial Intelligence (AI) Semiconductor Stock to Buy Hand Over Fist Before December (Hint: It's Not Nvidia)",AMD:POS;CIEN:NO-NEWS;COHR:POS;LITE:NEUTRAL;MU:POS;SNDK:POS;STX:POS;TER:NEUTRAL;WDC:NO-NEWS
2025-12-12,recovered,2025-12-11,9,CIEN;COHR;COIN;LITE;MU;PSKY;SNDK;TER;WDC,-3.9821672,0.7666666666666667,0.6,-7.61048,3.9864931106567374,-3.8966790539984406,-0.5731452988960162,12.026137786052567,0.48826877999999996,0.8,Manufacturing,27,24,0.75,0.125,0.125,4,0,0,4,"Cryptocurrency Exchange Market Set for Strong Growth to USD 211.57 Billion by 2033, Owing to Rising Crypto Adoption and  | Beyond the Magnificent 7: Meet 3 of Tech’s Rising Stars | Move Over Lumentum Holdings, Alphabet Is a Better AI Play | Questex’s Fierce Network Announces Winners of the 2025 Fierce Network Innovation Awards",CIEN:POS;COHR:NO-NEWS;COIN:NEUTRAL;LITE:NEUTRAL;MU:STRONG-POS;PSKY:POS;SNDK:NO-NEWS;TER:NO-NEWS;WDC:POS
2026-01-07,recovered,2026-01-06,8,ALB;APP;COIN;LITE;MRNA;SNDK;TER;WDC,-1.1771325,0.9,0.6333333333333333,-1.0232836,3.899623155593872,9.84708140563971,0.37408480225906704,9.077732016399015,12.038247099999996,0.7,Manufacturing,53,19,0.7894736842105263,0.05263157894736842,0.15789473684210525,5,0,0,6,"S&P 500 Hits New Record Highs, Alphabet Dethrones Apple: What's Moving Markets Wednesday? | Winners and Losers of 2025: A Sector-by-Sector Stock Market Review | How Trump Moved Stocks In 2025: Crypto, Drones, Health Care Sectors | The 3 Stocks That Crushed the S&P 500 in 2025",ALB:STRONG-POS;APP:NO-NEWS;COIN:STRONG-POS;LITE:NO-NEWS;MRNA:POS;SNDK:STRONG-POS;TER:NO-NEWS;WDC:POS
2026-01-08,recovered,2026-01-07,6,ALB;CIEN;LITE;SNDK;TER;WDC,-2.77043,0.8333333333333334,0.6666666666666666,-6.7947097,2.466458559036255,3.9847387831690653,1.113033786954487,9.067152820971332,9.92338068,1.0,Manufacturing,54,14,0.7142857142857143,0.21428571428571427,0.07142857142857142,3,0,0,4,"SanDisk: Why It Just Had One of the Biggest Days in Its History | S&P 500 Hits New Record Highs, Alphabet Dethrones Apple: What's Moving Markets Wednesday? | Winners and Losers of 2025: A Sector-by-Sector Stock Market Review",ALB:STRONG-POS;CIEN:NEUTRAL;LITE:NO-NEWS;SNDK:POS;TER:NO-NEWS;WDC:POS
2026-01-14,recovered,2026-01-13,8,ALB;AXON;LITE;MRNA;MU;SATS;SNDK;WDC,-1.1755828,0.8,0.6,-0.35052672,2.6331377029418945,4.776694568105371,0.11311232924389181,8.316158593326538,5.2062010700000005,0.8,Manufacturing,60,19,0.7894736842105263,0.15789473684210525,0.05263157894736842,5,0,0,11,"Should You Buy Micron Before 2027? | UPDATE ON CASE LAKE AS FIELD PROGRAMS RESUME | Silver Jumps To $89 After Soft CPI, JPMorgan Falls 3%: What's Moving Markets Tuesday? | LVT Ranked No. 1 Innovative Leader in 2025 Frost Radar™ for Mobile Surveillance | If You'd Invested $100 in Micron Stock 10 Years Ago, Here's How Much You'd Have Today",ALB:POS;AXON:POS;LITE:POS;MRNA:POS;MU:POS;SATS:NO-NEWS;SNDK:NEUTRAL;WDC:NEUTRAL
2026-01-23,recovered,2026-01-22,8,ALB;APP;LITE;LRCX;MRNA;MU;SNDK;WDC,-1.1957642,0.8,0.6333333333333333,-2.3438334,2.0636415481567383,3.621769129836258,-0.434820293539806,10.50591447781524,5.798131814,0.8,Manufacturing,69,40,0.85,0.025,0.125,6,0,0,18,"Forget the Chips, Buy Memory: Why AI Money Is Moving to Storage | Stock Market Today: S&P 500, Dow Jones, Nasdaq 100 Futures Rise As BEA Pegs Q3 GDP At 4.4%— Microsoft, Moderna, Intel In | Bromine Market - Global Industry Size, Share, Trends, Opportunity, and Forecast, 2021-2031",ALB:POS;APP:NEUTRAL;LITE:POS;LRCX:NO-NEWS;MRNA:STRONG-POS;MU:STRONG-POS;SNDK:POS;WDC:STRONG-POS
2026-01-30,recovered,2026-01-29,7,ALB;MRNA;MU;NEM;SATS;SNDK;WDC,-4.0726967,0.8,0.6333333333333333,-4.4704733,0.2184989154338836,-2.4060062761853938,0.3975450865458585,10.26319314836688,-0.38986028199999995,0.7,Manufacturing,76,38,0.8157894736842105,0.02631578947368421,0.15789473684210525,5,0,0,9,These 10 Stocks Just Had Their Best Or Worst Month Ever — And You Might Not Know Why | Prediction: SOXX Will Outperform S&P 500 and Nasdaq 100 in 2026 | SpaceX IPO May Be Timed Near Elon Musk's Birthday As Planets Align — Here's When You Could Buy In | Some Savvy Wall Streeters Just Named This the Top AI Pick for 2026 | Micron Plans Nearly $24 Billion Singapore Investment To Address AI-Driven Demand,ALB:NO-NEWS;MRNA:POS;MU:STRONG-POS;NEM:POS;SATS:NEUTRAL;SNDK:STRONG-POS;WDC:STRONG-POS
2026-02-05,recovered,2026-02-04,5,LRCX;MRNA;MU;STX;WDC,-2.3494477,0.9,0.6333333333333333,-1.6820884,1.4501203298568726,-7.348588465609689,-2.3658578756267645,11.361257748916866,-5.51038079,1.0,Manufacturing,82,20,0.8,0.05,0.15,4,0,0,8,"11 Beaten-Down Tech Stocks Flashing Signs of a Near-Term Bounce | 3 No-Brainer AI Stocks to Buy Right Now | The Best Stocks to Invest $1,000 in Right Now | Don't Know Which AI Stock To Buy? Here's the Easiest Way To Play the Once-in-a-Generation Tech Boom. | How Micron Technology Stock Soared 45% Last Month",LRCX:NO-NEWS;MRNA:POS;MU:POS;STX:POS;WDC:POS
2026-03-20,bad,2026-03-19,6,CF;CIEN;LITE;LYB;PSKY;WDC,-2.4934385,0.7,0.6333333333333333,-3.8455803,-5.592064380645752,1.5499991842613157,-2.071600054356837,13.506774653455436,3.0079376399,0.9,Manufacturing,33,21,0.6190476190476191,0.14285714285714285,0.23809523809523808,5,1,0,6,"The Race to Shield Global Infrastructure from the Coming Quantum Threat | Isopropyl Alcohol Market to Hit USD 4.70 Billion by 2035, Driven by Rising Demand in Pharmaceuticals and Industrial Clea | More Than Just Brains: The AI Revolution’s Nervous System | Can Sandisk Become the Next Trillion-Dollar Stock? | Stock Market Today: Dow, S&P 500 Futures Fall As Wholesale Prices Tick Up In Feb And Fed Decision Looms— Lululemon, CF I",CF:POS;CIEN:POS;LITE:STRONG-POS;LYB:STRONG-POS;PSKY:NEG;WDC:POS
2026-04-28,apr28_live,2026-04-27,6,AMD;COHR;DELL;INTC;LITE;VRT,-1.9246733,0.7333333333333333,0.7333333333333333,-4.5697374,,1.29305508870593,1.0808430860129503,14.556794985391807,1.4099674499999997,1.0,Manufacturing,72,63,0.6984126984126984,0.06349206349206349,0.23809523809523808,6,0,0,11,"Why May Could Be a Turning Point for Palantir Stock | Q1 Earnings Kick Off: Strong Results and Record CEO Confidence Anchor the Market | The Dow Is Down While the Nasdaq-100 Soars. Blame the Chips. | Nasdaq 100 Marks Fresh Records, Intel Jumps 23% On AI Chip Mania: Stock Market Today",AMD:POS;COHR:POS;DELL:POS;INTC:POS;LITE:POS;VRT:STRONG-POS
