symbol,sic_code,sic_description,industry,sector
A,3826,LABORATORY ANALYTICAL INSTRUMENTS,stocks,Manufacturing
AAPL,3571,ELECTRONIC COMPUTERS,stocks,Manufacturing
ABBV,2834,PHARMACEUTICAL PREPARATIONS,stocks,Manufacturing
ABNB,7340,SERVICES-TO DWELLINGS & OTHER BUILDINGS,stocks,Services
ABT,2834,PHARMACEUTICAL PREPARATIONS,stocks,Manufacturing
ACGL,6331,"FIRE, MARINE & CASUALTY INSURANCE",stocks,Finance_Insurance_RealEstate
ACN,7389,"SERVICES-BUSINESS SERVICES, NEC",stocks,Services
ADBE,7372,SERVICES-PREPACKAGED SOFTWARE,stocks,Services
ADI,3674,SEMICONDUCTORS & RELATED DEVICES,stocks,Manufacturing
ADM,2070,FATS & OILS,stocks,Manufacturing
ADP,7374,SERVICES-COMPUTER PROCESSING & DATA PREPARATION,stocks,Services
ADSK,7372,SERVICES-PREPACKAGED SOFTWARE,stocks,Services
AEE,4931,ELECTRIC & OTHER SERVICES COMBINED,stocks,Transportation_Utilities
AEP,4911,ELECTRIC SERVICES,stocks,Transportation_Utilities
AES,4991,COGENERATION SERVICES & SMALL POWER PRODUCERS,stocks,Transportation_Utilities
AFL,6321,ACCIDENT & HEALTH INSURANCE,stocks,Finance_Insurance_RealEstate
AIG,6331,"FIRE, MARINE & CASUALTY INSURANCE",stocks,Finance_Insurance_RealEstate
AIZ,6399,"INSURANCE CARRIERS, NEC",stocks,Finance_Insurance_RealEstate
AJG,6411,"INSURANCE AGENTS, BROKERS & SERVICE",stocks,Finance_Insurance_RealEstate
AKAM,7389,"SERVICES-BUSINESS SERVICES, NEC",stocks,Services
ALB,2821,"PLASTIC MATERIALS, SYNTH RESINS & NONVULCAN ELASTOMERS",stocks,Manufacturing
ALGN,3842,"ORTHOPEDIC, PROSTHETIC & SURGICAL APPLIANCES & SUPPLIES",stocks,Manufacturing
ALL,6331,"FIRE, MARINE & CASUALTY INSURANCE",stocks,Finance_Insurance_RealEstate
ALLE,7381,"SERVICES-DETECTIVE, GUARD & ARMORED CAR SERVICES",stocks,Services
AMAT,3674,SEMICONDUCTORS & RELATED DEVICES,stocks,Manufacturing
AMCR,3990,MISCELLANEOUS MANUFACTURING INDUSTRIES,stocks,Manufacturing
AMD,3674,SEMICONDUCTORS & RELATED DEVICES,stocks,Manufacturing
AME,3823,"INDUSTRIAL INSTRUMENTS FOR MEASUREMENT, DISPLAY, AND CONTROL",stocks,Manufacturing
AMGN,2836,"BIOLOGICAL PRODUCTS, (NO DIAGNOSTIC SUBSTANCES)",stocks,Manufacturing
AMP,6282,INVESTMENT ADVICE,stocks,Finance_Insurance_RealEstate
AMT,6798,REAL ESTATE INVESTMENT TRUSTS,stocks,Finance_Insurance_RealEstate
AMZN,5961,RETAIL-CATALOG & MAIL-ORDER HOUSES,stocks,Retail
ANET,3576,COMPUTER COMMUNICATIONS EQUIPMENT,stocks,Manufacturing
AON,6411,"INSURANCE AGENTS, BROKERS & SERVICE",stocks,Finance_Insurance_RealEstate
AOS,3630,HOUSEHOLD APPLIANCES,stocks,Manufacturing
APA,1311,CRUDE PETROLEUM & NATURAL GAS,stocks,Mining
APD,2810,INDUSTRIAL INORGANIC CHEMICALS,stocks,Manufacturing
APH,3678,ELECTRONIC CONNECTORS,stocks,Manufacturing
APO,6282,INVESTMENT ADVICE,stocks,Finance_Insurance_RealEstate
APP,7370,"SERVICES-COMPUTER PROGRAMMING, DATA PROCESSING, ETC.",stocks,Services
APTV,3714,MOTOR VEHICLE PARTS & ACCESSORIES,stocks,Manufacturing
ARE,6798,REAL ESTATE INVESTMENT TRUSTS,stocks,Finance_Insurance_RealEstate
ARES,6282,INVESTMENT ADVICE,stocks,Finance_Insurance_RealEstate
ATO,4924,NATURAL GAS DISTRIBUTION,stocks,Transportation_Utilities
AVB,6798,REAL ESTATE INVESTMENT TRUSTS,stocks,Finance_Insurance_RealEstate
AVGO,3674,SEMICONDUCTORS & RELATED DEVICES,stocks,Manufacturing
AVY,2670,CONVERTED PAPER & PAPERBOARD PRODS (NO CONTANERS/BOXES),stocks,Manufacturing
AWK,4941,WATER SUPPLY,stocks,Transportation_Utilities
AXON,3480,"ORDNANCE & ACCESSORIES, (NO VEHICLES/GUIDED MISSILES)",stocks,Manufacturing
AXP,6199,FINANCE SERVICES,stocks,Finance_Insurance_RealEstate
AZO,5531,RETAIL-AUTO & HOME SUPPLY STORES,stocks,Retail
BA,3721,AIRCRAFT,stocks,Manufacturing
BAC,6021,NATIONAL COMMERCIAL BANKS,stocks,Finance_Insurance_RealEstate
BALL,3411,METAL CANS,stocks,Manufacturing
BAX,3841,SURGICAL & MEDICAL INSTRUMENTS & APPARATUS,stocks,Manufacturing
BBY,5731,"RETAIL-RADIO, TV & CONSUMER ELECTRONICS STORES",stocks,Retail
BDX,3841,SURGICAL & MEDICAL INSTRUMENTS & APPARATUS,stocks,Manufacturing
BEN,6282,INVESTMENT ADVICE,stocks,Finance_Insurance_RealEstate
BF.B,2080,BEVERAGES,stocks,Manufacturing
BG,2070,FATS & OILS,stocks,Manufacturing
BIIB,2836,"BIOLOGICAL PRODUCTS, (NO DIAGNOSTIC SUBSTANCES)",stocks,Manufacturing
BK,6022,STATE COMMERCIAL BANKS,stocks,Finance_Insurance_RealEstate
BKNG,4700,TRANSPORTATION SERVICES,stocks,Transportation_Utilities
BKR,3533,OIL & GAS FIELD MACHINERY & EQUIPMENT,stocks,Manufacturing
BLDR,5211,RETAIL-LUMBER & OTHER BUILDING MATERIALS DEALERS,stocks,Retail
BLK,6211,"SECURITY BROKERS, DEALERS & FLOTATION COMPANIES",stocks,Finance_Insurance_RealEstate
BMY,2834,PHARMACEUTICAL PREPARATIONS,stocks,Manufacturing
BR,7389,"SERVICES-BUSINESS SERVICES, NEC",stocks,Services
BRK.B,6331,"FIRE, MARINE & CASUALTY INSURANCE",stocks,Finance_Insurance_RealEstate
BRO,6411,"INSURANCE AGENTS, BROKERS & SERVICE",stocks,Finance_Insurance_RealEstate
BSX,3841,SURGICAL & MEDICAL INSTRUMENTS & APPARATUS,stocks,Manufacturing
BX,6282,INVESTMENT ADVICE,stocks,Finance_Insurance_RealEstate
BXP,6798,REAL ESTATE INVESTMENT TRUSTS,stocks,Finance_Insurance_RealEstate
C,6021,NATIONAL COMMERCIAL BANKS,stocks,Finance_Insurance_RealEstate
CAG,2000,FOOD AND KINDRED PRODUCTS,stocks,Manufacturing
CAH,5122,"WHOLESALE-DRUGS, PROPRIETARIES & DRUGGISTS' SUNDRIES",stocks,Wholesale
CARR,3585,AIR-COND & WARM AIR HEATG EQUIP & COMM & INDL REFRIG EQUIP,stocks,Manufacturing
CASY,5500,RETAIL-AUTO DEALERS & GASOLINE STATIONS,stocks,Retail
CAT,3531,CONSTRUCTION MACHINERY & EQUIP,stocks,Manufacturing
CB,6331,"FIRE, MARINE & CASUALTY INSURANCE",stocks,Finance_Insurance_RealEstate
CBOE,6200,"SECURITY & COMMODITY BROKERS, DEALERS, EXCHANGES & SERVICES",stocks,Finance_Insurance_RealEstate
CBRE,6500,REAL ESTATE,stocks,Finance_Insurance_RealEstate
CCI,6798,REAL ESTATE INVESTMENT TRUSTS,stocks,Finance_Insurance_RealEstate
CCL,4400,WATER TRANSPORTATION,stocks,Transportation_Utilities
CDNS,7372,SERVICES-PREPACKAGED SOFTWARE,stocks,Services
CDW,5961,RETAIL-CATALOG & MAIL-ORDER HOUSES,stocks,Retail
CEG,4911,ELECTRIC SERVICES,stocks,Transportation_Utilities
CF,2870,AGRICULTURAL CHEMICALS,stocks,Manufacturing
CFG,6022,STATE COMMERCIAL BANKS,stocks,Finance_Insurance_RealEstate
CHD,2840,"SOAP, DETERGENTS, CLEANG PREPARATIONS, PERFUMES, COSMETICS",stocks,Manufacturing
CHRW,4731,ARRANGEMENT OF TRANSPORTATION OF FREIGHT & CARGO,stocks,Transportation_Utilities
CHTR,4841,CABLE & OTHER PAY TELEVISION SERVICES,stocks,Transportation_Utilities
CI,6324,HOSPITAL & MEDICAL SERVICE PLANS,stocks,Finance_Insurance_RealEstate
CIEN,3661,TELEPHONE & TELEGRAPH APPARATUS,stocks,Manufacturing
CINF,6331,"FIRE, MARINE & CASUALTY INSURANCE",stocks,Finance_Insurance_RealEstate
CL,2844,"PERFUMES, COSMETICS & OTHER TOILET PREPARATIONS",stocks,Manufacturing
CLX,2842,"SPECIALTY CLEANING, POLISHING AND SANITATION PREPARATIONS",stocks,Manufacturing
CMCSA,4841,CABLE & OTHER PAY TELEVISION SERVICES,stocks,Transportation_Utilities
CME,6200,"SECURITY & COMMODITY BROKERS, DEALERS, EXCHANGES & SERVICES",stocks,Finance_Insurance_RealEstate
CMG,5812,RETAIL-EATING PLACES,stocks,Retail
CMI,3510,ENGINES & TURBINES,stocks,Manufacturing
CMS,4931,ELECTRIC & OTHER SERVICES COMBINED,stocks,Transportation_Utilities
CNC,6324,HOSPITAL & MEDICAL SERVICE PLANS,stocks,Finance_Insurance_RealEstate
CNP,4911,ELECTRIC SERVICES,stocks,Transportation_Utilities
COF,6021,NATIONAL COMMERCIAL BANKS,stocks,Finance_Insurance_RealEstate
COHR,3827,OPTICAL INSTRUMENTS & LENSES,stocks,Manufacturing
COIN,6199,FINANCE SERVICES,stocks,Finance_Insurance_RealEstate
COO,3851,OPHTHALMIC GOODS,stocks,Manufacturing
COP,2911,PETROLEUM REFINING,stocks,Manufacturing
COR,5122,"WHOLESALE-DRUGS, PROPRIETARIES & DRUGGISTS' SUNDRIES",stocks,Wholesale
COST,5331,RETAIL-VARIETY STORES,stocks,Retail
CPAY,7389,"SERVICES-BUSINESS SERVICES, NEC",stocks,Services
CPB,2000,FOOD AND KINDRED PRODUCTS,stocks,Manufacturing
CPRT,5500,RETAIL-AUTO DEALERS & GASOLINE STATIONS,stocks,Retail
CPT,6798,REAL ESTATE INVESTMENT TRUSTS,stocks,Finance_Insurance_RealEstate
CRH,3241,"CEMENT, HYDRAULIC",stocks,Manufacturing
CRL,8731,SERVICES-COMMERCIAL PHYSICAL & BIOLOGICAL RESEARCH,stocks,Services
CRM,7372,SERVICES-PREPACKAGED SOFTWARE,stocks,Services
CRWD,7372,SERVICES-PREPACKAGED SOFTWARE,stocks,Services
CSCO,3576,COMPUTER COMMUNICATIONS EQUIPMENT,stocks,Manufacturing
CSGP,7389,"SERVICES-BUSINESS SERVICES, NEC",stocks,Services
CSX,4011,"RAILROADS, LINE-HAUL OPERATING",stocks,Transportation_Utilities
CTAS,2320,"MEN'S & BOYS' FURNISHGS, WORK CLOTHG, & ALLIED GARMENTS",stocks,Manufacturing
CTRA,1311,CRUDE PETROLEUM & NATURAL GAS,stocks,Mining
CTSH,7371,SERVICES-COMPUTER PROGRAMMING SERVICES,stocks,Services
CTVA,100,,stocks,Agriculture
CVNA,5500,RETAIL-AUTO DEALERS & GASOLINE STATIONS,stocks,Retail
CVS,5912,RETAIL-DRUG STORES AND PROPRIETARY STORES,stocks,Retail
CVX,2911,PETROLEUM REFINING,stocks,Manufacturing
D,4911,ELECTRIC SERVICES,stocks,Transportation_Utilities
DAL,4512,"AIR TRANSPORTATION, SCHEDULED",stocks,Transportation_Utilities
DASH,7389,"SERVICES-BUSINESS SERVICES, NEC",stocks,Services
DD,2821,"PLASTIC MATERIALS, SYNTH RESINS & NONVULCAN ELASTOMERS",stocks,Manufacturing
DDOG,7372,SERVICES-PREPACKAGED SOFTWARE,stocks,Services
DE,3523,FARM MACHINERY & EQUIPMENT,stocks,Manufacturing
DECK,3021,RUBBER & PLASTICS FOOTWEAR,stocks,Manufacturing
DELL,3571,ELECTRONIC COMPUTERS,stocks,Manufacturing
DG,5331,RETAIL-VARIETY STORES,stocks,Retail
DGX,8071,SERVICES-MEDICAL LABORATORIES,stocks,Services
DHI,1531,OPERATIVE BUILDERS,stocks,Construction
DHR,3823,"INDUSTRIAL INSTRUMENTS FOR MEASUREMENT, DISPLAY, AND CONTROL",stocks,Manufacturing
DIS,7990,SERVICES-MISCELLANEOUS AMUSEMENT & RECREATION,stocks,Services
DLR,6798,REAL ESTATE INVESTMENT TRUSTS,stocks,Finance_Insurance_RealEstate
DLTR,5331,RETAIL-VARIETY STORES,stocks,Retail
DOC,6798,REAL ESTATE INVESTMENT TRUSTS,stocks,Finance_Insurance_RealEstate
DOV,3530,"CONSTRUCTION, MINING & MATERIALS HANDLING MACHINERY & EQUIP",stocks,Manufacturing
DOW,2821,"PLASTIC MATERIALS, SYNTH RESINS & NONVULCAN ELASTOMERS",stocks,Manufacturing
DPZ,5140,WHOLESALE-GROCERIES & RELATED PRODUCTS,stocks,Wholesale
DRI,5812,RETAIL-EATING PLACES,stocks,Retail
DTE,4911,ELECTRIC SERVICES,stocks,Transportation_Utilities
DUK,4931,ELECTRIC & OTHER SERVICES COMBINED,stocks,Transportation_Utilities
DVA,8090,"SERVICES-MISC HEALTH & ALLIED SERVICES, NEC",stocks,Services
DVN,1311,CRUDE PETROLEUM & NATURAL GAS,stocks,Mining
DXCM,3841,SURGICAL & MEDICAL INSTRUMENTS & APPARATUS,stocks,Manufacturing
EA,7372,SERVICES-PREPACKAGED SOFTWARE,stocks,Services
EBAY,7389,"SERVICES-BUSINESS SERVICES, NEC",stocks,Services
ECL,2840,"SOAP, DETERGENTS, CLEANG PREPARATIONS, PERFUMES, COSMETICS",stocks,Manufacturing
ED,4931,ELECTRIC & OTHER SERVICES COMBINED,stocks,Transportation_Utilities
EFX,7320,"SERVICES-CONSUMER CREDIT REPORTING, COLLECTION AGENCIES",stocks,Services
EG,6331,"FIRE, MARINE & CASUALTY INSURANCE",stocks,Finance_Insurance_RealEstate
EIX,4911,ELECTRIC SERVICES,stocks,Transportation_Utilities
EL,2844,"PERFUMES, COSMETICS & OTHER TOILET PREPARATIONS",stocks,Manufacturing
ELV,6324,HOSPITAL & MEDICAL SERVICE PLANS,stocks,Finance_Insurance_RealEstate
EME,1731,ELECTRICAL WORK,stocks,Construction
EMR,3600,ELECTRONIC & OTHER ELECTRICAL EQUIPMENT (NO COMPUTER EQUIP),stocks,Manufacturing
EOG,1311,CRUDE PETROLEUM & NATURAL GAS,stocks,Mining
EPAM,7371,SERVICES-COMPUTER PROGRAMMING SERVICES,stocks,Services
EQIX,6798,REAL ESTATE INVESTMENT TRUSTS,stocks,Finance_Insurance_RealEstate
EQR,6798,REAL ESTATE INVESTMENT TRUSTS,stocks,Finance_Insurance_RealEstate
EQT,1311,CRUDE PETROLEUM & NATURAL GAS,stocks,Mining
ERIE,6411,"INSURANCE AGENTS, BROKERS & SERVICE",stocks,Finance_Insurance_RealEstate
ES,4911,ELECTRIC SERVICES,stocks,Transportation_Utilities
ESS,6798,REAL ESTATE INVESTMENT TRUSTS,stocks,Finance_Insurance_RealEstate
ETN,3590,MISC INDUSTRIAL & COMMERCIAL MACHINERY & EQUIPMENT,stocks,Manufacturing
ETR,4911,ELECTRIC SERVICES,stocks,Transportation_Utilities
EVRG,4931,ELECTRIC & OTHER SERVICES COMBINED,stocks,Transportation_Utilities
EW,3842,"ORTHOPEDIC, PROSTHETIC & SURGICAL APPLIANCES & SUPPLIES",stocks,Manufacturing
EXC,4931,ELECTRIC & OTHER SERVICES COMBINED,stocks,Transportation_Utilities
EXE,1311,CRUDE PETROLEUM & NATURAL GAS,stocks,Mining
EXPD,4731,ARRANGEMENT OF TRANSPORTATION OF FREIGHT & CARGO,stocks,Transportation_Utilities
EXPE,4700,TRANSPORTATION SERVICES,stocks,Transportation_Utilities
EXR,6798,REAL ESTATE INVESTMENT TRUSTS,stocks,Finance_Insurance_RealEstate
F,3711,MOTOR VEHICLES & PASSENGER CAR BODIES,stocks,Manufacturing
FANG,1311,CRUDE PETROLEUM & NATURAL GAS,stocks,Mining
FAST,5200,"RETAIL-BUILDING MATERIALS, HARDWARE, GARDEN SUPPLY",stocks,Retail
FCX,1000,METAL MINING,stocks,Mining
FDS,7370,"SERVICES-COMPUTER PROGRAMMING, DATA PROCESSING, ETC.",stocks,Services
FDX,4513,AIR COURIER SERVICES,stocks,Transportation_Utilities
FE,4911,ELECTRIC SERVICES,stocks,Transportation_Utilities
FFIV,3576,COMPUTER COMMUNICATIONS EQUIPMENT,stocks,Manufacturing
FICO,7389,"SERVICES-BUSINESS SERVICES, NEC",stocks,Services
FIS,7389,"SERVICES-BUSINESS SERVICES, NEC",stocks,Services
FISV,7389,"SERVICES-BUSINESS SERVICES, NEC",stocks,Services
FITB,6022,STATE COMMERCIAL BANKS,stocks,Finance_Insurance_RealEstate
FIX,1731,ELECTRICAL WORK,stocks,Construction
FOX,4833,TELEVISION BROADCASTING STATIONS,stocks,Transportation_Utilities
FOXA,4833,TELEVISION BROADCASTING STATIONS,stocks,Transportation_Utilities
FRT,6798,REAL ESTATE INVESTMENT TRUSTS,stocks,Finance_Insurance_RealEstate
FSLR,3674,SEMICONDUCTORS & RELATED DEVICES,stocks,Manufacturing
FTNT,3577,"COMPUTER PERIPHERAL EQUIPMENT, NEC",stocks,Manufacturing
FTV,3823,"INDUSTRIAL INSTRUMENTS FOR MEASUREMENT, DISPLAY, AND CONTROL",stocks,Manufacturing
GD,3730,SHIP & BOAT BUILDING & REPAIRING,stocks,Manufacturing
GDDY,7373,SERVICES-COMPUTER INTEGRATED SYSTEMS DESIGN,stocks,Services
GE,3600,ELECTRONIC & OTHER ELECTRICAL EQUIPMENT (NO COMPUTER EQUIP),stocks,Manufacturing
GEHC,3844,X-RAY APPARATUS & TUBES & RELATED IRRADIATION APPARATUS,stocks,Manufacturing
GEN,7372,SERVICES-PREPACKAGED SOFTWARE,stocks,Services
GEV,3600,ELECTRONIC & OTHER ELECTRICAL EQUIPMENT (NO COMPUTER EQUIP),stocks,Manufacturing
GILD,2836,"BIOLOGICAL PRODUCTS, (NO DIAGNOSTIC SUBSTANCES)",stocks,Manufacturing
GIS,2040,GRAIN MILL PRODUCTS,stocks,Manufacturing
GL,6311,LIFE INSURANCE,stocks,Finance_Insurance_RealEstate
GLW,3357,DRAWING & INSULATING OF NONFERROUS WIRE,stocks,Manufacturing
GM,3711,MOTOR VEHICLES & PASSENGER CAR BODIES,stocks,Manufacturing
GNRC,3621,MOTORS & GENERATORS,stocks,Manufacturing
GOOG,7370,"SERVICES-COMPUTER PROGRAMMING, DATA PROCESSING, ETC.",stocks,Services
GOOGL,7370,"SERVICES-COMPUTER PROGRAMMING, DATA PROCESSING, ETC.",stocks,Services
GPC,5013,WHOLESALE-MOTOR VEHICLE SUPPLIES & NEW PARTS,stocks,Wholesale
GPN,7389,"SERVICES-BUSINESS SERVICES, NEC",stocks,Services
GRMN,3812,"SEARCH, DETECTION, NAVIGATION, GUIDANCE, AERONAUTICAL SYS",stocks,Manufacturing
GS,6211,"SECURITY BROKERS, DEALERS & FLOTATION COMPANIES",stocks,Finance_Insurance_RealEstate
GWW,5000,WHOLESALE-DURABLE GOODS,stocks,Wholesale
HAL,1389,"OIL & GAS FIELD SERVICES, NEC",stocks,Mining
HAS,3944,"GAMES, TOYS & CHILDREN'S VEHICLES (NO DOLLS & BICYCLES)",stocks,Manufacturing
HBAN,6021,NATIONAL COMMERCIAL BANKS,stocks,Finance_Insurance_RealEstate
HCA,8062,"SERVICES-GENERAL MEDICAL & SURGICAL HOSPITALS, NEC",stocks,Services
HD,5211,RETAIL-LUMBER & OTHER BUILDING MATERIALS DEALERS,stocks,Retail
HIG,6331,"FIRE, MARINE & CASUALTY INSURANCE",stocks,Finance_Insurance_RealEstate
HII,3730,SHIP & BOAT BUILDING & REPAIRING,stocks,Manufacturing
HLT,7011,HOTELS & MOTELS,stocks,Services
HON,3724,AIRCRAFT ENGINES & ENGINE PARTS,stocks,Manufacturing
HOOD,6211,"SECURITY BROKERS, DEALERS & FLOTATION COMPANIES",stocks,Finance_Insurance_RealEstate
HPE,3570,COMPUTER & OFFICE EQUIPMENT,stocks,Manufacturing
HPQ,3570,COMPUTER & OFFICE EQUIPMENT,stocks,Manufacturing
HRL,2011,MEAT PACKING PLANTS,stocks,Manufacturing
HSIC,5047,"WHOLESALE-MEDICAL, DENTAL & HOSPITAL EQUIPMENT & SUPPLIES",stocks,Wholesale
HST,6798,REAL ESTATE INVESTMENT TRUSTS,stocks,Finance_Insurance_RealEstate
HSY,2060,SUGAR & CONFECTIONERY PRODUCTS,stocks,Manufacturing
HUBB,3670,ELECTRONIC COMPONENTS & ACCESSORIES,stocks,Manufacturing
HUM,6324,HOSPITAL & MEDICAL SERVICE PLANS,stocks,Finance_Insurance_RealEstate
HWM,3350,ROLLING DRAWING & EXTRUDING OF NONFERROUS METALS,stocks,Manufacturing
IBKR,6211,"SECURITY BROKERS, DEALERS & FLOTATION COMPANIES",stocks,Finance_Insurance_RealEstate
IBM,3570,COMPUTER & OFFICE EQUIPMENT,stocks,Manufacturing
ICE,6200,"SECURITY & COMMODITY BROKERS, DEALERS, EXCHANGES & SERVICES",stocks,Finance_Insurance_RealEstate
IDXX,2835,IN VITRO & IN VIVO DIAGNOSTIC SUBSTANCES,stocks,Manufacturing
IEX,3561,PUMPS & PUMPING EQUIPMENT,stocks,Manufacturing
IFF,2860,INDUSTRIAL ORGANIC CHEMICALS,stocks,Manufacturing
INCY,8731,SERVICES-COMMERCIAL PHYSICAL & BIOLOGICAL RESEARCH,stocks,Services
INTC,3674,SEMICONDUCTORS & RELATED DEVICES,stocks,Manufacturing
INTU,7372,SERVICES-PREPACKAGED SOFTWARE,stocks,Services
INVH,6510,REAL ESTATE OPERATORS (NO DEVELOPERS) & LESSORS,stocks,Finance_Insurance_RealEstate
IP,2621,PAPER MILLS,stocks,Manufacturing
IQV,8731,SERVICES-COMMERCIAL PHYSICAL & BIOLOGICAL RESEARCH,stocks,Services
IR,3560,GENERAL INDUSTRIAL MACHINERY & EQUIPMENT,stocks,Manufacturing
IRM,6798,REAL ESTATE INVESTMENT TRUSTS,stocks,Finance_Insurance_RealEstate
ISRG,3842,"ORTHOPEDIC, PROSTHETIC & SURGICAL APPLIANCES & SUPPLIES",stocks,Manufacturing
IT,8741,SERVICES-MANAGEMENT SERVICES,stocks,Services
ITW,3560,GENERAL INDUSTRIAL MACHINERY & EQUIPMENT,stocks,Manufacturing
IVZ,6282,INVESTMENT ADVICE,stocks,Finance_Insurance_RealEstate
J,1600,HEAVY CONSTRUCTION OTHER THAN BLDG CONST - CONTRACTORS,stocks,Construction
JBHT,4213,TRUCKING (NO LOCAL),stocks,Transportation_Utilities
JBL,3672,PRINTED CIRCUIT BOARDS,stocks,Manufacturing
JCI,3585,AIR-COND & WARM AIR HEATG EQUIP & COMM & INDL REFRIG EQUIP,stocks,Manufacturing
JKHY,7373,SERVICES-COMPUTER INTEGRATED SYSTEMS DESIGN,stocks,Services
JNJ,2834,PHARMACEUTICAL PREPARATIONS,stocks,Manufacturing
JPM,6021,NATIONAL COMMERCIAL BANKS,stocks,Finance_Insurance_RealEstate
KDP,2080,BEVERAGES,stocks,Manufacturing
KEY,6021,NATIONAL COMMERCIAL BANKS,stocks,Finance_Insurance_RealEstate
KEYS,3823,"INDUSTRIAL INSTRUMENTS FOR MEASUREMENT, DISPLAY, AND CONTROL",stocks,Manufacturing
KHC,2030,"CANNED, FROZEN & PRESERVD FRUIT, VEG & FOOD SPECIALTIES",stocks,Manufacturing
KIM,6798,REAL ESTATE INVESTMENT TRUSTS,stocks,Finance_Insurance_RealEstate
KKR,6282,INVESTMENT ADVICE,stocks,Finance_Insurance_RealEstate
KLAC,3827,OPTICAL INSTRUMENTS & LENSES,stocks,Manufacturing
KMB,2670,CONVERTED PAPER & PAPERBOARD PRODS (NO CONTANERS/BOXES),stocks,Manufacturing
KMI,4922,NATURAL GAS TRANSMISSION,stocks,Transportation_Utilities
KO,2080,BEVERAGES,stocks,Manufacturing
KR,5411,RETAIL-GROCERY STORES,stocks,Retail
KVUE,2844,"PERFUMES, COSMETICS & OTHER TOILET PREPARATIONS",stocks,Manufacturing
L,6331,"FIRE, MARINE & CASUALTY INSURANCE",stocks,Finance_Insurance_RealEstate
LDOS,7373,SERVICES-COMPUTER INTEGRATED SYSTEMS DESIGN,stocks,Services
LEN,1520,GENERAL BLDG CONTRACTORS - RESIDENTIAL BLDGS,stocks,Construction
LH,8071,SERVICES-MEDICAL LABORATORIES,stocks,Services
LHX,3812,"SEARCH, DETECTION, NAVIGATION, GUIDANCE, AERONAUTICAL SYS",stocks,Manufacturing
LII,3585,AIR-COND & WARM AIR HEATG EQUIP & COMM & INDL REFRIG EQUIP,stocks,Manufacturing
LIN,2810,INDUSTRIAL INORGANIC CHEMICALS,stocks,Manufacturing
LITE,3669,"COMMUNICATIONS EQUIPMENT, NEC",stocks,Manufacturing
LLY,2834,PHARMACEUTICAL PREPARATIONS,stocks,Manufacturing
LMT,3760,GUIDED MISSILES & SPACE VEHICLES & PARTS,stocks,Manufacturing
LNT,4931,ELECTRIC & OTHER SERVICES COMBINED,stocks,Transportation_Utilities
LOW,5211,RETAIL-LUMBER & OTHER BUILDING MATERIALS DEALERS,stocks,Retail
LRCX,3559,"SPECIAL INDUSTRY MACHINERY, NEC",stocks,Manufacturing
LULU,2300,APPAREL & OTHER FINISHD PRODS OF FABRICS & SIMILAR MATL,stocks,Manufacturing
LUV,4512,"AIR TRANSPORTATION, SCHEDULED",stocks,Transportation_Utilities
LVS,7011,HOTELS & MOTELS,stocks,Services
LYB,2860,INDUSTRIAL ORGANIC CHEMICALS,stocks,Manufacturing
LYV,7900,SERVICES-AMUSEMENT & RECREATION SERVICES,stocks,Services
MA,7389,"SERVICES-BUSINESS SERVICES, NEC",stocks,Services
MAA,6798,REAL ESTATE INVESTMENT TRUSTS,stocks,Finance_Insurance_RealEstate
MAR,7011,HOTELS & MOTELS,stocks,Services
MAS,3430,"HEATING EQUIP, EXCEPT ELEC & WARM AIR; & PLUMBING FIXTURES",stocks,Manufacturing
MCD,5812,RETAIL-EATING PLACES,stocks,Retail
MCHP,3674,SEMICONDUCTORS & RELATED DEVICES,stocks,Manufacturing
MCK,5122,"WHOLESALE-DRUGS, PROPRIETARIES & DRUGGISTS' SUNDRIES",stocks,Wholesale
MCO,7320,"SERVICES-CONSUMER CREDIT REPORTING, COLLECTION AGENCIES",stocks,Services
MDLZ,2000,FOOD AND KINDRED PRODUCTS,stocks,Manufacturing
MDT,3845,ELECTROMEDICAL & ELECTROTHERAPEUTIC APPARATUS,stocks,Manufacturing
MET,6311,LIFE INSURANCE,stocks,Finance_Insurance_RealEstate
META,7370,"SERVICES-COMPUTER PROGRAMMING, DATA PROCESSING, ETC.",stocks,Services
MGM,7011,HOTELS & MOTELS,stocks,Services
MKC,2090,MISCELLANEOUS FOOD PREPARATIONS & KINDRED PRODUCTS,stocks,Manufacturing
MLM,1400,MINING & QUARRYING OF NONMETALLIC MINERALS (NO FUELS),stocks,Mining
MMM,3841,SURGICAL & MEDICAL INSTRUMENTS & APPARATUS,stocks,Manufacturing
MNST,2086,BOTTLED & CANNED SOFT DRINKS & CARBONATED WATERS,stocks,Manufacturing
MO,2111,CIGARETTES,stocks,Manufacturing
MOS,2870,AGRICULTURAL CHEMICALS,stocks,Manufacturing
MPC,2911,PETROLEUM REFINING,stocks,Manufacturing
MPWR,3674,SEMICONDUCTORS & RELATED DEVICES,stocks,Manufacturing
MRK,2834,PHARMACEUTICAL PREPARATIONS,stocks,Manufacturing
MRNA,2836,"BIOLOGICAL PRODUCTS, (NO DIAGNOSTIC SUBSTANCES)",stocks,Manufacturing
MRSH,6411,"INSURANCE AGENTS, BROKERS & SERVICE",stocks,Finance_Insurance_RealEstate
MS,6211,"SECURITY BROKERS, DEALERS & FLOTATION COMPANIES",stocks,Finance_Insurance_RealEstate
MSCI,7389,"SERVICES-BUSINESS SERVICES, NEC",stocks,Services
MSFT,7372,SERVICES-PREPACKAGED SOFTWARE,stocks,Services
MSI,3663,RADIO & TV BROADCASTING & COMMUNICATIONS EQUIPMENT,stocks,Manufacturing
MTB,6022,STATE COMMERCIAL BANKS,stocks,Finance_Insurance_RealEstate
MTD,3826,LABORATORY ANALYTICAL INSTRUMENTS,stocks,Manufacturing
MU,3674,SEMICONDUCTORS & RELATED DEVICES,stocks,Manufacturing
NCLH,4400,WATER TRANSPORTATION,stocks,Transportation_Utilities
NDAQ,6200,"SECURITY & COMMODITY BROKERS, DEALERS, EXCHANGES & SERVICES",stocks,Finance_Insurance_RealEstate
NDSN,3569,"GENERAL INDUSTRIAL MACHINERY & EQUIPMENT, NEC",stocks,Manufacturing
NEE,4911,ELECTRIC SERVICES,stocks,Transportation_Utilities
NEM,1040,GOLD AND SILVER ORES,stocks,Mining
NFLX,7841,SERVICES-VIDEO TAPE RENTAL,stocks,Services
NI,4931,ELECTRIC & OTHER SERVICES COMBINED,stocks,Transportation_Utilities
NKE,3021,RUBBER & PLASTICS FOOTWEAR,stocks,Manufacturing
NOC,3812,"SEARCH, DETECTION, NAVIGATION, GUIDANCE, AERONAUTICAL SYS",stocks,Manufacturing
NOW,7372,SERVICES-PREPACKAGED SOFTWARE,stocks,Services
NRG,4911,ELECTRIC SERVICES,stocks,Transportation_Utilities
NSC,4011,"RAILROADS, LINE-HAUL OPERATING",stocks,Transportation_Utilities
NTAP,3572,COMPUTER STORAGE DEVICES,stocks,Manufacturing
NTRS,6022,STATE COMMERCIAL BANKS,stocks,Finance_Insurance_RealEstate
NUE,3312,"STEEL WORKS, BLAST FURNACES & ROLLING MILLS (COKE OVENS)",stocks,Manufacturing
NVDA,3674,SEMICONDUCTORS & RELATED DEVICES,stocks,Manufacturing
NVR,1531,OPERATIVE BUILDERS,stocks,Construction
NWS,2711,NEWSPAPERS: PUBLISHING OR PUBLISHING & PRINTING,stocks,Manufacturing
NWSA,2711,NEWSPAPERS: PUBLISHING OR PUBLISHING & PRINTING,stocks,Manufacturing
NXPI,3674,SEMICONDUCTORS & RELATED DEVICES,stocks,Manufacturing
O,6798,REAL ESTATE INVESTMENT TRUSTS,stocks,Finance_Insurance_RealEstate
ODFL,4213,TRUCKING (NO LOCAL),stocks,Transportation_Utilities
OKE,4923,NATURAL GAS TRANSMISSION & DISTRIBUTION,stocks,Transportation_Utilities
OMC,7311,SERVICES-ADVERTISING AGENCIES,stocks,Services
ON,3674,SEMICONDUCTORS & RELATED DEVICES,stocks,Manufacturing
ORCL,7372,SERVICES-PREPACKAGED SOFTWARE,stocks,Services
ORLY,5531,RETAIL-AUTO & HOME SUPPLY STORES,stocks,Retail
OTIS,3600,ELECTRONIC & OTHER ELECTRICAL EQUIPMENT (NO COMPUTER EQUIP),stocks,Manufacturing
OXY,1311,CRUDE PETROLEUM & NATURAL GAS,stocks,Mining
PANW,3577,"COMPUTER PERIPHERAL EQUIPMENT, NEC",stocks,Manufacturing
PAYX,8700,"SERVICES-ENGINEERING, ACCOUNTING, RESEARCH, MANAGEMENT",stocks,Services
PCAR,3711,MOTOR VEHICLES & PASSENGER CAR BODIES,stocks,Manufacturing
PCG,4931,ELECTRIC & OTHER SERVICES COMBINED,stocks,Transportation_Utilities
PEG,4931,ELECTRIC & OTHER SERVICES COMBINED,stocks,Transportation_Utilities
PEP,2080,BEVERAGES,stocks,Manufacturing
PFE,2834,PHARMACEUTICAL PREPARATIONS,stocks,Manufacturing
PFG,6321,ACCIDENT & HEALTH INSURANCE,stocks,Finance_Insurance_RealEstate
PG,2840,"SOAP, DETERGENTS, CLEANG PREPARATIONS, PERFUMES, COSMETICS",stocks,Manufacturing
PGR,6331,"FIRE, MARINE & CASUALTY INSURANCE",stocks,Finance_Insurance_RealEstate
PH,3490,MISCELLANEOUS FABRICATED METAL PRODUCTS,stocks,Manufacturing
PHM,1531,OPERATIVE BUILDERS,stocks,Construction
PKG,2650,PAPERBOARD CONTAINERS & BOXES,stocks,Manufacturing
PLD,6798,REAL ESTATE INVESTMENT TRUSTS,stocks,Finance_Insurance_RealEstate
PLTR,7372,SERVICES-PREPACKAGED SOFTWARE,stocks,Services
PM,2111,CIGARETTES,stocks,Manufacturing
PNC,6021,NATIONAL COMMERCIAL BANKS,stocks,Finance_Insurance_RealEstate
PNR,3550,SPECIAL INDUSTRY MACHINERY (NO METALWORKING MACHINERY),stocks,Manufacturing
PNW,4911,ELECTRIC SERVICES,stocks,Transportation_Utilities
PODD,3841,SURGICAL & MEDICAL INSTRUMENTS & APPARATUS,stocks,Manufacturing
POOL,5090,WHOLESALE-MISC DURABLE GOODS,stocks,Wholesale
PPG,2851,"PAINTS, VARNISHES, LACQUERS, ENAMELS & ALLIED PRODS",stocks,Manufacturing
PPL,4911,ELECTRIC SERVICES,stocks,Transportation_Utilities
PRU,6311,LIFE INSURANCE,stocks,Finance_Insurance_RealEstate
PSA,6798,REAL ESTATE INVESTMENT TRUSTS,stocks,Finance_Insurance_RealEstate
PSKY,4833,TELEVISION BROADCASTING STATIONS,stocks,Transportation_Utilities
PSX,2911,PETROLEUM REFINING,stocks,Manufacturing
PTC,7372,SERVICES-PREPACKAGED SOFTWARE,stocks,Services
PWR,1731,ELECTRICAL WORK,stocks,Construction
PYPL,7389,"SERVICES-BUSINESS SERVICES, NEC",stocks,Services
Q,3674,SEMICONDUCTORS & RELATED DEVICES,stocks,Manufacturing
QCOM,3663,RADIO & TV BROADCASTING & COMMUNICATIONS EQUIPMENT,stocks,Manufacturing
RCL,4400,WATER TRANSPORTATION,stocks,Transportation_Utilities
REG,6798,REAL ESTATE INVESTMENT TRUSTS,stocks,Finance_Insurance_RealEstate
REGN,2834,PHARMACEUTICAL PREPARATIONS,stocks,Manufacturing
RF,6021,NATIONAL COMMERCIAL BANKS,stocks,Finance_Insurance_RealEstate
RJF,6211,"SECURITY BROKERS, DEALERS & FLOTATION COMPANIES",stocks,Finance_Insurance_RealEstate
RL,2320,"MEN'S & BOYS' FURNISHGS, WORK CLOTHG, & ALLIED GARMENTS",stocks,Manufacturing
RMD,3841,SURGICAL & MEDICAL INSTRUMENTS & APPARATUS,stocks,Manufacturing
ROK,3829,"MEASURING & CONTROLLING DEVICES, NEC",stocks,Manufacturing
ROL,7340,SERVICES-TO DWELLINGS & OTHER BUILDINGS,stocks,Services
ROP,3823,"INDUSTRIAL INSTRUMENTS FOR MEASUREMENT, DISPLAY, AND CONTROL",stocks,Manufacturing
ROST,5651,RETAIL-FAMILY CLOTHING STORES,stocks,Retail
RSG,4953,REFUSE SYSTEMS,stocks,Transportation_Utilities
RTX,3724,AIRCRAFT ENGINES & ENGINE PARTS,stocks,Manufacturing
RVTY,3826,LABORATORY ANALYTICAL INSTRUMENTS,stocks,Manufacturing
SATS,4899,"COMMUNICATIONS SERVICES, NEC",stocks,Transportation_Utilities
SBAC,6798,REAL ESTATE INVESTMENT TRUSTS,stocks,Finance_Insurance_RealEstate
SBUX,5810,RETAIL-EATING & DRINKING PLACES,stocks,Retail
SCHW,6211,"SECURITY BROKERS, DEALERS & FLOTATION COMPANIES",stocks,Finance_Insurance_RealEstate
SHW,5200,"RETAIL-BUILDING MATERIALS, HARDWARE, GARDEN SUPPLY",stocks,Retail
SJM,2033,"CANNED, FRUITS, VEG, PRESERVES, JAMS & JELLIES",stocks,Manufacturing
SLB,1389,"OIL & GAS FIELD SERVICES, NEC",stocks,Mining
SMCI,3571,ELECTRONIC COMPUTERS,stocks,Manufacturing
SNA,3420,"CUTLERY, HANDTOOLS & GENERAL HARDWARE",stocks,Manufacturing
SNDK,3572,COMPUTER STORAGE DEVICES,stocks,Manufacturing
SNPS,7372,SERVICES-PREPACKAGED SOFTWARE,stocks,Services
SO,4911,ELECTRIC SERVICES,stocks,Transportation_Utilities
SOLV,3841,SURGICAL & MEDICAL INSTRUMENTS & APPARATUS,stocks,Manufacturing
SPG,6798,REAL ESTATE INVESTMENT TRUSTS,stocks,Finance_Insurance_RealEstate
SPGI,7320,"SERVICES-CONSUMER CREDIT REPORTING, COLLECTION AGENCIES",stocks,Services
SRE,4932,GAS & OTHER SERVICES COMBINED,stocks,Transportation_Utilities
STE,3842,"ORTHOPEDIC, PROSTHETIC & SURGICAL APPLIANCES & SUPPLIES",stocks,Manufacturing
STLD,3312,"STEEL WORKS, BLAST FURNACES & ROLLING MILLS (COKE OVENS)",stocks,Manufacturing
STT,6022,STATE COMMERCIAL BANKS,stocks,Finance_Insurance_RealEstate
STX,3572,COMPUTER STORAGE DEVICES,stocks,Manufacturing
STZ,2080,BEVERAGES,stocks,Manufacturing
SW,2650,PAPERBOARD CONTAINERS & BOXES,stocks,Manufacturing
SWK,3420,"CUTLERY, HANDTOOLS & GENERAL HARDWARE",stocks,Manufacturing
SWKS,3674,SEMICONDUCTORS & RELATED DEVICES,stocks,Manufacturing
SYF,6199,FINANCE SERVICES,stocks,Finance_Insurance_RealEstate
SYK,3841,SURGICAL & MEDICAL INSTRUMENTS & APPARATUS,stocks,Manufacturing
SYY,5140,WHOLESALE-GROCERIES & RELATED PRODUCTS,stocks,Wholesale
T,4813,TELEPHONE COMMUNICATIONS (NO RADIOTELEPHONE),stocks,Transportation_Utilities
TAP,2082,MALT BEVERAGES,stocks,Manufacturing
TDG,3728,"AIRCRAFT PARTS & AUXILIARY EQUIPMENT, NEC",stocks,Manufacturing
TDY,3812,"SEARCH, DETECTION, NAVIGATION, GUIDANCE, AERONAUTICAL SYS",stocks,Manufacturing
TECH,2836,"BIOLOGICAL PRODUCTS, (NO DIAGNOSTIC SUBSTANCES)",stocks,Manufacturing
TEL,5065,"WHOLESALE-ELECTRONIC PARTS & EQUIPMENT, NEC",stocks,Wholesale
TER,3825,INSTRUMENTS FOR MEAS & TESTING OF ELECTRICITY & ELEC SIGNALS,stocks,Manufacturing
TFC,6021,NATIONAL COMMERCIAL BANKS,stocks,Finance_Insurance_RealEstate
TGT,5331,RETAIL-VARIETY STORES,stocks,Retail
TJX,5651,RETAIL-FAMILY CLOTHING STORES,stocks,Retail
TKO,7900,SERVICES-AMUSEMENT & RECREATION SERVICES,stocks,Services
TMO,3829,"MEASURING & CONTROLLING DEVICES, NEC",stocks,Manufacturing
TMUS,4812,RADIOTELEPHONE COMMUNICATIONS,stocks,Transportation_Utilities
TPL,6792,OIL ROYALTY TRADERS,stocks,Finance_Insurance_RealEstate
TPR,3100,LEATHER & LEATHER PRODUCTS,stocks,Manufacturing
TRGP,4922,NATURAL GAS TRANSMISSION,stocks,Transportation_Utilities
TRMB,3829,"MEASURING & CONTROLLING DEVICES, NEC",stocks,Manufacturing
TROW,6282,INVESTMENT ADVICE,stocks,Finance_Insurance_RealEstate
TRV,6331,"FIRE, MARINE & CASUALTY INSURANCE",stocks,Finance_Insurance_RealEstate
TSCO,5200,"RETAIL-BUILDING MATERIALS, HARDWARE, GARDEN SUPPLY",stocks,Retail
TSLA,3711,MOTOR VEHICLES & PASSENGER CAR BODIES,stocks,Manufacturing
TSN,2015,POULTRY SLAUGHTERING AND PROCESSING,stocks,Manufacturing
TT,3822,AUTO CONTROLS FOR REGULATING RESIDENTIAL & COMML ENVIRONMENTS,stocks,Manufacturing
TTD,7370,"SERVICES-COMPUTER PROGRAMMING, DATA PROCESSING, ETC.",stocks,Services
TTWO,7372,SERVICES-PREPACKAGED SOFTWARE,stocks,Services
TXN,3674,SEMICONDUCTORS & RELATED DEVICES,stocks,Manufacturing
TXT,3720,AIRCRAFT & PARTS,stocks,Manufacturing
TYL,7372,SERVICES-PREPACKAGED SOFTWARE,stocks,Services
UAL,4512,"AIR TRANSPORTATION, SCHEDULED",stocks,Transportation_Utilities
UBER,7389,"SERVICES-BUSINESS SERVICES, NEC",stocks,Services
UDR,6798,REAL ESTATE INVESTMENT TRUSTS,stocks,Finance_Insurance_RealEstate
UHS,8062,"SERVICES-GENERAL MEDICAL & SURGICAL HOSPITALS, NEC",stocks,Services
ULTA,5990,"RETAIL-RETAIL STORES, NEC",stocks,Retail
UNH,6324,HOSPITAL & MEDICAL SERVICE PLANS,stocks,Finance_Insurance_RealEstate
UNP,4011,"RAILROADS, LINE-HAUL OPERATING",stocks,Transportation_Utilities
UPS,4210,TRUCKING & COURIER SERVICES (NO AIR),stocks,Transportation_Utilities
URI,7359,"SERVICES-EQUIPMENT RENTAL & LEASING, NEC",stocks,Services
USB,6021,NATIONAL COMMERCIAL BANKS,stocks,Finance_Insurance_RealEstate
V,7389,"SERVICES-BUSINESS SERVICES, NEC",stocks,Services
VICI,6798,REAL ESTATE INVESTMENT TRUSTS,stocks,Finance_Insurance_RealEstate
VLO,2911,PETROLEUM REFINING,stocks,Manufacturing
VLTO,3825,INSTRUMENTS FOR MEAS & TESTING OF ELECTRICITY & ELEC SIGNALS,stocks,Manufacturing
VMC,1400,MINING & QUARRYING OF NONMETALLIC MINERALS (NO FUELS),stocks,Mining
VRSK,7374,SERVICES-COMPUTER PROCESSING & DATA PREPARATION,stocks,Services
VRSN,7371,SERVICES-COMPUTER PROGRAMMING SERVICES,stocks,Services
VRT,3679,"ELECTRONIC COMPONENTS, NEC",stocks,Manufacturing
VRTX,2834,PHARMACEUTICAL PREPARATIONS,stocks,Manufacturing
VST,4911,ELECTRIC SERVICES,stocks,Transportation_Utilities
VTR,6798,REAL ESTATE INVESTMENT TRUSTS,stocks,Finance_Insurance_RealEstate
VTRS,2834,PHARMACEUTICAL PREPARATIONS,stocks,Manufacturing
VZ,4813,TELEPHONE COMMUNICATIONS (NO RADIOTELEPHONE),stocks,Transportation_Utilities
WAB,3743,RAILROAD EQUIPMENT,stocks,Manufacturing
WAT,3826,LABORATORY ANALYTICAL INSTRUMENTS,stocks,Manufacturing
WBD,4841,CABLE & OTHER PAY TELEVISION SERVICES,stocks,Transportation_Utilities
WDAY,7374,SERVICES-COMPUTER PROCESSING & DATA PREPARATION,stocks,Services
WDC,3572,COMPUTER STORAGE DEVICES,stocks,Manufacturing
WEC,4931,ELECTRIC & OTHER SERVICES COMBINED,stocks,Transportation_Utilities
WELL,6798,REAL ESTATE INVESTMENT TRUSTS,stocks,Finance_Insurance_RealEstate
WFC,6021,NATIONAL COMMERCIAL BANKS,stocks,Finance_Insurance_RealEstate
WM,4953,REFUSE SYSTEMS,stocks,Transportation_Utilities
WMB,4922,NATURAL GAS TRANSMISSION,stocks,Transportation_Utilities
WMT,5331,RETAIL-VARIETY STORES,stocks,Retail
WRB,6331,"FIRE, MARINE & CASUALTY INSURANCE",stocks,Finance_Insurance_RealEstate
WSM,5700,"RETAIL-HOME FURNITURE, FURNISHINGS & EQUIPMENT STORES",stocks,Retail
WST,3841,SURGICAL & MEDICAL INSTRUMENTS & APPARATUS,stocks,Manufacturing
WTW,6411,"INSURANCE AGENTS, BROKERS & SERVICE",stocks,Finance_Insurance_RealEstate
WY,6798,REAL ESTATE INVESTMENT TRUSTS,stocks,Finance_Insurance_RealEstate
WYNN,7011,HOTELS & MOTELS,stocks,Services
XEL,4931,ELECTRIC & OTHER SERVICES COMBINED,stocks,Transportation_Utilities
XOM,2911,PETROLEUM REFINING,stocks,Manufacturing
XYL,3561,PUMPS & PUMPING EQUIPMENT,stocks,Manufacturing
XYZ,7372,SERVICES-PREPACKAGED SOFTWARE,stocks,Services
YUM,5812,RETAIL-EATING PLACES,stocks,Retail
ZBH,3842,"ORTHOPEDIC, PROSTHETIC & SURGICAL APPLIANCES & SUPPLIES",stocks,Manufacturing
ZBRA,3560,GENERAL INDUSTRIAL MACHINERY & EQUIPMENT,stocks,Manufacturing
ZTS,2834,PHARMACEUTICAL PREPARATIONS,stocks,Manufacturing
